<beans xmlns:xsi="http://www.w3.org/2001/XMLSchema-instance" xmlns:util="http://www.springframework.org/schema/util"
	xmlns="http://www.springframework.org/schema/beans" xmlns:batch="http://www.springframework.org/schema/batch"
	xmlns:context="http://www.springframework.org/schema/context"
	xsi:schemaLocation="http://www.springframework.org/schema/batch http://www.springframework.org/schema/batch/spring-batch.xsd
	http://www.springframework.org/schema/beans http://www.springframework.org/schema/beans/spring-beans.xsd
	http://www.springframework.org/schema/context http://www.springframework.org/schema/context/spring-context-4.0.xsd
	http://www.springframework.org/schema/util http://www.springframework.org/schema/util/spring-util.xsd">
	
	<context:annotation-config/>	
	
	<!-- 	<import resource="classpath:fileRepository-context.xml"/>
		<import resource="classpath:fileSystemService-context.xml"/>
		<import resource="classpath:folderRepository-context.xml"/>
		<import resource="classpath:folderRepository-context.xml"/> -->
	
	<bean id="bulkRequestObjectRowMapper" class="com.markit.ms.rs.select.all.repository.mapper.BulkRequestObjectRowMapper">
	</bean>
	
	<bean id="bulkRequestArgumentsResultSetExtractor" class="com.markit.ms.rs.select.all.service.batch.BulkRequestArgumentsResultSetExtractor">
		<property name="stJdbcTemplate" ref="jdbcTemplate"/>
	</bean>
	
	

	<!-- Spring batch config beans -->

	<bean id="jobRepository" class="org.springframework.batch.core.repository.support.JobRepositoryFactoryBean">
		<property name="dataSource" ref="dataSource" />
		<property name="transactionManager" ref="transactionManager" />
		<property name="isolationLevelForCreate" value="ISOLATION_READ_COMMITTED"/>
		<property name="databaseType" value="SQLSERVER" />
	</bean>
	
	<!-- Explicitly want to execute tasks in serial manner -->
	<bean id="taskExecutor" class="org.springframework.core.task.SyncTaskExecutor"/>

	<bean id="jobLauncher" class="org.springframework.batch.core.launch.support.SimpleJobLauncher">
		<property name="jobRepository" ref="jobRepository"/>
		<property name="taskExecutor" ref="taskExecutor"/>
	</bean>

	<!-- supporting beans -->

	
	<bean id="bulkRFAUploadRequestItemReader" class="com.markit.ms.rfa.batch.BulkRFAUploadRequestItemReader" scope="step">
		<property name="bulkRequestId" value="#{jobParameters[bulkRequestId]}"/>
		<property name="configBeanName" value="#{jobParameters['configBeanName']}"/>
		<property name="templateId" value="#{jobParameters['templateId']}"/>
		<property name="companyId" value="#{jobParameters['companyId']}"/>
		<property name="batchId" value="#{jobExecutionContext['jobId']}"/>
	</bean>
	
	<bean id="bulkRFAUploadRequestProcessor" class="com.markit.ms.rfa.batch.BulkRFAUploadRequestProcessor" scope="step">		
		<property name="bulkRequestId" value="#{jobParameters[bulkRequestId]}"/>
		<property name="batchId" value="#{jobExecutionContext['jobId']}"/>
		<property name="templateId" value="#{jobParameters['templateId']}"/>
		<property name="configBeanName" value="#{jobParameters['configBeanName']}"/>
	</bean>
	
		<bean id="bulkRFAUploadRequestItemWriter" class="com.markit.ms.rfa.batch.BulkRFAUploadRequestItemWriter" scope="step" >
		<property name="configBeanName" value="#{jobParameters['configBeanName']}"/>
		<property name="bulkRequestId" value="#{jobParameters[bulkRequestId]}"/>
		<property name="templateId" value="#{jobParameters['templateId']}"/>
		<property name="batchId" value="#{jobExecutionContext['jobId']}"/>
	</bean>
	
	<bean id="jobIdToContextExecutionListener" class="com.markit.ms.rs.select.all.service.batch.JobIdToContextExecutionListener"/>


	<batch:job id="selectRFABulkUploadProcessing" restartable="true">
		<batch:listeners>
			<batch:listener ref="jobIdToContextExecutionListener"/>
		</batch:listeners>
		<batch:step id="selectRFABulkUploadProcessing_step" next="selectRFABulkUploadProcessing_step2">
			<batch:tasklet>
				<batch:chunk reader="bulkRFAUploadRequestItemReader" processor="bulkRFAUploadRequestProcessor" writer="bulkRFAUploadRequestItemWriter"  
					commit-interval="1"/>
			</batch:tasklet>
		</batch:step>
		<batch:step id="selectRFABulkUploadProcessing_step2">
			<batch:tasklet>
				<batch:chunk reader="BulkRFAUploadRequestProcessedItemReader" processor="BulkRFAUploadRequestProcessedItemProcessor" writer="BulkRFAUploadRequestProcessedItemWriter"  
					commit-interval="9999"/>
			</batch:tasklet>
		</batch:step>
	</batch:job>
	
		<bean id="BulkRFAUploadRequestProcessedItemReader" class="com.markit.ms.rfa.batch.BulkRFAUploadRequestProcessedItemReader" scope="step">
		<property name="bulkRequestId" value="#{jobParameters[bulkRequestId]}"/>		
	</bean>
	
	<bean id="BulkRFAUploadRequestProcessedItemProcessor" class="com.markit.ms.rfa.batch.BulkRFAUploadRequestProcessedItemProcessor" scope="step">
		<property name="bulkRequestId" value="#{jobParameters[bulkRequestId]}"/>
		<property name="companyId" value="#{jobParameters['companyId']}"/>
		<property name="transactionTemplate">
			<bean class="org.springframework.transaction.support.TransactionTemplate">
				<property name="propagationBehaviorName" value="PROPAGATION_REQUIRES_NEW"/>
				<property name="transactionManager" ref="transactionManager"/>
			</bean>		
		</property>
	</bean>
	

	
	<bean id="BulkRFAUploadRequestProcessedItemWriter" class="com.markit.ms.rfa.batch.BulkRFAUploadRequestProcessedItemWriter" scope="step">
		<property name="bulkRequestId" value="#{jobParameters[bulkRequestId]}"/>
		<property name="companyId" value="#{jobParameters['companyId']}"/>
	</bean>


	
	<bean id="templateMessage" class="org.springframework.mail.SimpleMailMessage">
		<property name="from" value="support@kyc.com"/>
	</bean>
	


	<bean id="mailSender" class="org.springframework.mail.javamail.JavaMailSenderImpl">
		<property name="host" value="ussmtp.markit.partners" />
	</bean>
	
	<bean id="loggingMailErrorHandler" class="com.markit.ms.rs.select.all.service.batch.BulkRequestEmailErrorHandler" />
	<bean id="emailItemProcessor" class="com.markit.ms.rs.select.all.service.batch.BulkRequestProcessedItemProcessor" scope="step">
	</bean>

	<bean id="jobExplorer" class="org.springframework.batch.core.explore.support.JobExplorerFactoryBean" >
		<property name="dataSource" ref="dataSource"/>
	</bean>

	<bean id="jobRegistry" class="org.springframework.batch.core.configuration.support.MapJobRegistry" />

	<bean id="jobRegistryBeanPostProcessor" class="org.springframework.batch.core.configuration.support.JobRegistryBeanPostProcessor">
		<property name="jobRegistry" ref="jobRegistry" />
	</bean> 

	<bean id="jobOperator" class="org.springframework.batch.core.launch.support.SimpleJobOperator">
		<property name="jobExplorer" ref="jobExplorer"/>
		<property name="jobRepository" ref="jobRepository" />
		<property name="jobRegistry" ref="jobRegistry" />
		<property name="jobLauncher" ref="jobLauncher" />
	</bean>



</beans>