<?xml version="1.0" encoding="UTF-8"?>
<beans xmlns="http://www.springframework.org/schema/beans"
	xmlns:xsi="http://www.w3.org/2001/XMLSchema-instance" xmlns:util="http://www.springframework.org/schema/util"
	xmlns:context="http://www.springframework.org/schema/context"
	xmlns:mvc="http://www.springframework.org/schema/mvc" xmlns:security="http://www.springframework.org/schema/security"
	xsi:schemaLocation="
        http://www.springframework.org/schema/beans
        http://www.springframework.org/schema/beans/spring-beans-4.0.xsd
        http://www.springframework.org/schema/util
        http://www.springframework.org/schema/util/spring-util-4.0.xsd
        http://www.springframework.org/schema/context
        http://www.springframework.org/schema/context/spring-context-4.0.xsd
        http://www.springframework.org/schema/mvc
        http://www.springframework.org/schema/mvc/spring-mvc-4.0.xsd">

	<bean id="queryService" class="com.markit.kyc.commons.service.query.impl.GridQueryService" abstract="true">
		<property name="jdbcTemplate" ref="jdbcTemplate" />
	</bean>
	
	<bean id="selectNextStepForAmendment" class="com.markit.kyc.commons.service.query.impl.PrimitiveQueryService">
		<property name="jdbcTemplate" ref="jdbcTemplate" />
		<property name="clazz" value="java.lang.String" />
		<property name="query">
			<value>
				<![CDATA[
					select next_step.NAME from 
					RFA_AMENDMENT a
					inner join RFA_LU_NEXT_STEP next_step on a.SS_NEXT_STEP_ID = next_step.RFA_LU_NEXT_STEP_ID 
					where 
					a.ID = :amendmentId
				]]>
			</value>
		</property>
	</bean>	
	
	<bean id="selectAmendmentContent" class="com.markit.kyc.commons.service.query.impl.PrimitiveQueryService">
		<property name="jdbcTemplate" ref="jdbcTemplate" />
		<property name="clazz" value="byte[]" />
		<property name="query">
			<value>
				<![CDATA[
					select 
					CONTENT
					from RFA_AMENDMENT 
					WHERE ID = :amendmentId
				]]>
			</value>
		</property>
	</bean>	
	<bean id="selectAmendmentComment" class="com.markit.kyc.commons.service.query.impl.PrimitiveQueryService">
		<property name="jdbcTemplate" ref="jdbcTemplate" />
		<property name="clazz" value="byte[]" />
		<property name="query">
			<value>
				<![CDATA[
					select 
					COMMENT
					from RFA_AMENDMENT 
					WHERE ID = :amendmentId
				]]>
			</value>
		</property>
	</bean>
	<bean id="selectAmendmentAgreed" class="com.markit.kyc.commons.service.query.impl.PrimitiveQueryService">
		<property name="jdbcTemplate" ref="jdbcTemplate" />
		<property name="clazz" value="int" />
		<property name="query">
			<value>
				<![CDATA[
					select 
					agreed
					from RFA_AMENDMENT 
					WHERE ID = :amendmentId
				]]>
			</value>
		</property>
	</bean>
	<bean id="selectAmendmentExhibitAgreed" class="com.markit.kyc.commons.service.query.impl.PrimitiveQueryService">
		<property name="jdbcTemplate" ref="jdbcTemplate" />
		<property name="clazz" value="int" />
		<property name="query">
			<value>
				<![CDATA[
				select 
				 ISNULL(am.agreed,1)+ISNULL(ex.agreed,1)
				 from rfa_amendment am , 
				 rfa_exhibit ex 
				 where 
				 am.id=ex.amendment_id 
				 and 
				 am.id=:amendmentId
				]]>
			</value>
		</property>
	</bean>


	<bean id="selectPartyAText" class="com.markit.kyc.commons.service.query.impl.PrimitiveQueryService">
		<property name="jdbcTemplate" ref="jdbcTemplate" />
		<property name="clazz" value="byte[]" />
		<property name="query">
			<value>
				<![CDATA[
					SELECT TEXT FROM RFA_PARTYA_PLACEHOLDER_METADATA where AMENDMENT_ID  = :amendmentId and DELETED = 0
				]]>
			</value>
		</property>
	</bean>	
	<bean id="selectPartyAPlaceholder" class="com.markit.kyc.commons.service.query.impl.CacheQueryService">
		<constructor-arg index="1"><value>${cache.duration.none}</value></constructor-arg>
		<constructor-arg index="0">
			<bean parent="queryService">
				<property name="query">
					<value>
						<![CDATA[
							select 
								REPLACE(CONVERT(CHAR(11), master_agreement.AGREEMENT_DATE, 106),' ','-') agreement_date, 
								investmentManager.legal_name investment_manager,
								partyA.legal_name counterparty_name
								from 
								RFA_MASTER_AGREEMENT master_agreement
								inner join  RFA_AMENDMENT amendment on amendment.MASTER_AGREEMENT_ID = master_agreement.ID
								inner join mc_entities partyA on  master_agreement.PARTYA_COMPANYID = partyA.entityid
								inner join mc_entities investmentManager on  master_agreement.IM_ENTITY_ID = investmentManager.entityid
								where amendment.ID = :amendmentId
						]]>
					</value>
				</property>
			</bean>
		</constructor-arg>
	</bean>	
</beans>