<?xml version="1.0" encoding="UTF-8"?>
<!DOCTYPE properties SYSTEM "http://java.sun.com/dtd/properties.dtd">
<properties>

	<entry key="GET_AMENDMENT_DATE_FILTER">
		<![CDATA[
			select distinct ma.agreement_date from rfa_master_agreement ma 
			join mc_entities e on (e.entityid = ma.im_entity_id and e.deleted = 0 and e.entitytype in ('subaccount','Institution'))
			join mc_entities pa on pa.entityid = ma.partya_companyid and pa.deleted = 0 and pa.entitytype in ('Institution','subaccount')
			join rfa_amendment a on ma.id=a.master_agreement_id and a.deleted=0 and a.is_placeholder=0
			join rfa_lu_amendment_status ast on ast.id=a.bs_status_id and ast.deleted=0
			join mc_lu_legal_type t on (t.id = e.legal_typeid and t.deleted = 0 and t.name = 'Investment Management Company')
			where e.deleted=0 
			#where
			order by ma.agreement_date
		]]>
	</entry>

	<entry key="GET_INVEST_MANAGER_FILTER">
		<![CDATA[
			select distinct top 50 e.entityid,e.legal_name, e.moniker_name, e.lei_name,0 as is_sleeve from rfa_master_agreement ma 
			inner join mc_entities e on (e.entityid = ma.im_entity_id and e.deleted = 0 and e.entitytype in ('subaccount','Institution'))
			join mc_entities pa on pa.entityid = ma.partya_companyid and pa.deleted = 0 and pa.entitytype in ('Institution','subaccount')	
			join rfa_amendment a on ma.id=a.master_agreement_id and a.deleted=0 and a.is_placeholder=0
			join rfa_lu_amendment_status ast on ast.id = (CASE WHEN :is_bs_company=1 THEN a.bs_status_id WHEN :is_bs_company=0 THEN a.ss_status_id END) and ast.deleted=0
			inner join mc_lu_legal_type t on (t.id = e.legal_typeid and t.deleted = 0 and t.name = 'Investment Management Company')
			where e.legal_name like :im_legal_name and ma.deleted=0
			#where
			order by e.legal_name
		]]>
	</entry>

	<entry key="GET_MASTERLIST_IDENTIFIER_FILTER">
		<![CDATA[
			select distinct top 10 ma.masterlist_identifier as value from rfa_master_agreement ma 
			inner join rfa_amendment a  on (ma.id = a.master_agreement_id and a.deleted = 0 and a.is_placeholder=0)
			inner join mc_entities e1 on (e1.entityid = ma.im_entity_id and e1.deleted = 0 and e1.entitytype in ('subaccount','Institution'))
			inner join mc_lu_legal_type t on (t.id = e1.legal_typeid and t.deleted = 0 and t.name = 'Investment Management Company')
			inner join mc_entities e2 on (e2.entityid = partya_companyid and e2.deleted = 0)
			inner join rfa_lu_amendment_status ast on ast.id = (CASE WHEN :is_bs_company=1 THEN a.bs_status_id WHEN :is_bs_company=0 THEN a.ss_status_id END) and ast.deleted=0
			where ma.masterlist_identifier is not null and ma.masterlist_identifier <> '' and ma.masterlist_identifier like :filterString and ma.deleted=0
			whereCondition
			order by ma.masterlist_identifier
		]]>
	</entry>

	<entry key="GET_PARTY_A_FILTER">
		<![CDATA[
			select distinct top 50 pa.entityid, pa.legal_name name from rfa_master_agreement ma
			join mc_entities pa on pa.entityid = ma.partya_companyid and pa.entitytype in ('Institution','subaccount') and pa.deleted=0
		 	join mc_companies c on c.companyid = pa.companyid and c.deleted = 0
			join mc_entities e on (e.entityid = ma.im_entity_id and e.deleted = 0 and e.entitytype in ('subaccount','Institution'))
			join mc_lu_legal_type t on (t.id = e.legal_typeid and t.deleted = 0 and t.name = 'Investment Management Company')
			where e.companyid=:companyid  and pa.legal_name like :party_a_name and ma.deleted=0
			order by pa.legal_name
		]]>
	</entry>

	<entry key="GET_PARTY_B_FILTER">
		<![CDATA[
			select distinct top 50 pbe.entityid, pbe.legal_name, pbe.moniker_name,pbe.lei_name, pb.is_sleeve 
			from rfa_master_agreement ma
			join mc_entities e on (e.entityid = ma.im_entity_id and e.deleted = 0 and e.entitytype in ('subaccount','Institution'))
			join mc_entities pa on pa.entityid = ma.partya_companyid and pa.deleted = 0 and pa.entitytype in ('Institution','subaccount')
			join mc_lu_legal_type t on (t.id = e.legal_typeid and t.deleted = 0 and t.name = 'Investment Management Company')
			join rfa_amendment a on ma.id=a.master_agreement_id and a.deleted=0 and a.is_placeholder=0
			join rfa_lu_amendment_status ast on ast.id = (CASE WHEN :is_bs_company=1 THEN a.bs_status_id WHEN :is_bs_company=0 THEN a.ss_status_id END) and ast.deleted=0
			join rfa_partyb_entities pb on a.id=pb.amendment_id and pb.deleted=0
			join mc_entities pbe on pbe.entityid=pb.entity_id and pbe.deleted=0
			where ma.deleted=0 and pbe.legal_name like :partyb_name
			#where 
			order by pbe.legal_name
		]]>
	</entry>
	
	<entry key="GET_ADDITION_ACTION_FILTER">
		 <![CDATA[
		 		select distinct top 10 s.name from rfa_lu_ack_status s
		 		where name like :filterString and s.deleted=0
		 ]]>
	</entry>
	
	<entry key="GET_REQUEST_STATUS_FILTER">
		 <![CDATA[
		 		select distinct top 10 s.name from rfa_lu_amendment_status s
		 		where name like :filterString and s.deleted=0
		 ]]>
	</entry>
		
	<entry key="GET_REVIEW_FILTER">
		 <![CDATA[
		 		select RFA_LU_REVIEW_ID,NAME from RFA_LU_REVIEW order by RFA_LU_REVIEW_ID ASC
		 ]]>
	</entry>
		
	<entry key="GET_PARTY_B_CLIENT_IDENTIFIER_FILTER">
		<![CDATA[
			select distinct top 50 pbe.moniker_name
			from rfa_master_agreement ma
			join mc_entities e on (e.entityid = ma.im_entity_id and e.deleted = 0 and e.entitytype in ('subaccount','Institution'))
			join mc_entities pa on pa.entityid = ma.partya_companyid and pa.deleted = 0 and pa.entitytype in ('Institution','subaccount')
			join mc_lu_legal_type t on (t.id = e.legal_typeid and t.deleted = 0 and t.name = 'Investment Management Company')
			join rfa_amendment a on ma.id=a.master_agreement_id and a.deleted=0 and a.is_placeholder=0
			join rfa_lu_amendment_status ast on ast.id = (CASE WHEN :is_bs_company=1 THEN a.bs_status_id WHEN :is_bs_company=0 THEN a.ss_status_id END) and ast.deleted=0
			join rfa_partyb_entities pb on a.id=pb.amendment_id and pb.deleted=0
			join mc_entities pbe on pbe.entityid=pb.entity_id and pbe.deleted=0
			where ma.deleted=0 and pbe.moniker_name like :partyb_client_identifier
			#where 
			order by pbe.moniker_name
		]]>
	</entry>
	<entry key="GET_PARTY_B_LEI_FILTER">
		<![CDATA[
			select distinct top 50 partyb_data.LEI
			from rfa_master_agreement ma
			join mc_entities e on (e.entityid = ma.im_entity_id and e.deleted = 0 and e.entitytype in ('subaccount','Institution'))
			join mc_entities pa on pa.entityid = ma.partya_companyid and pa.deleted = 0 and pa.entitytype in ('Institution','subaccount')
			join mc_lu_legal_type t on (t.id = e.legal_typeid and t.deleted = 0 and t.name = 'Investment Management Company')
			join rfa_amendment a on ma.id=a.master_agreement_id and a.deleted=0 and a.is_placeholder=0
			join rfa_lu_amendment_status ast on ast.id = (CASE WHEN :is_bs_company=1 THEN a.bs_status_id WHEN :is_bs_company=0 THEN a.ss_status_id END) and ast.deleted=0
			join rfa_partyb_entities pb on a.id=pb.amendment_id and pb.deleted=0
			join #VIEW_RFA_PARTYB_DETAILS partyb_data on partyb_data.PARTYB_ID = pb.id and partyb_data.deleted=0
			join mc_entities pbe on pbe.entityid=pb.entity_id and pbe.deleted=0
			where ma.deleted=0 and partyb_data.LEI like :partyb_lei
			#where 
			order by partyb_data.LEI
		]]>
	</entry>	
	
	
	<entry key="GET_SUBMIT_DATE_FILTER">
		 <![CDATA[
		 		 select distinct top 50 replace(convert(char(11),submit_date,113),' ','-') as submit_date from V_RFA_AMENDMENT_DETAILS 
		 		 where partyB_companyId=:companyId and master_agreement_deleted=0	
		 		 and replace(convert(char(11),submit_date,113),' ','-') like :date 		
		 		 order by submit_date 
		 ]]>
	</entry>
	
	<entry key="GET_RFA_ID_FILTER">
		 <![CDATA[
		 		select 
					a.id
				from rfa_master_agreement ma
				join mc_entities e on (e.entityid = ma.im_entity_id and e.deleted = 0 and e.entitytype in ('subaccount','Institution'))
				join mc_entities pa on pa.entityid = ma.partya_companyid and pa.deleted = 0 and pa.entitytype in ('Institution','subaccount')
				join mc_lu_legal_type t on (t.id = e.legal_typeid and t.deleted = 0 and t.name = 'Investment Management Company')
				inner join rfa_amendment a on a.master_agreement_id=ma.id and a.deleted=0 and a.is_placeholder=0
				inner join rfa_lu_amendment_status ast on ast.id = (CASE WHEN :is_bs_company=1 THEN a.bs_status_id WHEN :is_bs_company=0 THEN a.ss_status_id END) and ast.deleted=0
				where ma.deleted=0 and a.id like :amendmentId
				#where
				order by a.id desc
		 ]]>
	</entry>
	
	<entry key="GET_AGREEMENT_TYPE_FILTER">
		 <![CDATA[
				select distinct
					rfv.FIELD_VALUE
				from rfa_master_agreement ma
				join mc_entities e on (e.entityid = ma.im_entity_id and e.deleted = 0 and e.entitytype in ('subaccount','Institution'))
				join mc_entities pa on pa.entityid = ma.partya_companyid and pa.deleted = 0 and pa.entitytype in ('Institution','subaccount')
				join mc_lu_legal_type t on (t.id = e.legal_typeid and t.deleted = 0 and t.name = 'Investment Management Company')
				join rfa_amendment a on ma.id=a.master_agreement_id and a.deleted=0 and a.is_placeholder=0
				join rfa_lu_amendment_status ast on ast.id = (CASE WHEN :is_bs_company=1 THEN a.bs_status_id WHEN :is_bs_company=0 THEN a.ss_status_id END) and ast.deleted=0
				inner join RFA_FIELD_VALUES rfv on (rfv.id = ma.agreement_type_id)
				where ma.deleted=0 and rfv.field_value like :filterString
				#where
				order by rfv.field_value desc
		 ]]>
	</entry>	
	
	<entry key="GET_MY_STATUS">
		 <![CDATA[
				select id, code, description as value
				from RFA_LU_DESK_REVIEW_DETAILS 
				where company_type=:companyType and description like :filterString	
		 ]]>
	</entry>		

</properties>