<?xml version="1.0" encoding="UTF-8"?>
<beans xmlns="http://www.springframework.org/schema/beans"
	xmlns:xsi="http://www.w3.org/2001/XMLSchema-instance" xmlns:util="http://www.springframework.org/schema/util"
	xmlns:context="http://www.springframework.org/schema/context"
	xmlns:mvc="http://www.springframework.org/schema/mvc" xmlns:security="http://www.springframework.org/schema/security"
	xsi:schemaLocation="
        http://www.springframework.org/schema/beans
        http://www.springframework.org/schema/beans/spring-beans-4.0.xsd
        http://www.springframework.org/schema/util
        http://www.springframework.org/schema/util/spring-util-4.0.xsd
        http://www.springframework.org/schema/context
        http://www.springframework.org/schema/context/spring-context-4.0.xsd
        http://www.springframework.org/schema/mvc
        http://www.springframework.org/schema/mvc/spring-mvc-4.0.xsd">

	<bean id="queryService" class="com.markit.kyc.commons.service.query.impl.GridQueryService" abstract="true">
		<property name="jdbcTemplate" ref="jdbcTemplate" />
	</bean>

		<bean id="selectBSSignaturePresent" class="com.markit.kyc.commons.service.query.impl.PrimitiveQueryService">
		<property name="jdbcTemplate" ref="jdbcTemplate" />
		<property name="clazz" value="java.lang.Long" />
		<property name="query">
			<value>
					<![CDATA[				
								select count(RFA_BS_SIGNATURES_TRANSITION_LOG_ID) from RFA_SIGNATURES signature WITH (NOLOCK)
									join RFA_BS_SIGNATURES_TRANSITION_LOG transition_log WITH (NOLOCK) on transition_log.RFA_SIGNATURE_ID = signature.ID
									where signature.AMENDMENT_ID = :amendmentId
									and transition_log.REJECTED_DATE is null 
						]]>
					</value>
				</property>
			</bean>
	
		<bean id="getBSFirstSignDate" class="com.markit.kyc.commons.service.query.impl.PrimitiveQueryService">
		<property name="jdbcTemplate" ref="jdbcTemplate" />
		<property name="clazz" value="java.lang.String" />
		<property name="query">
			<value>
					<![CDATA[				
								select top 1 audit.ATTR_VALUE from RFA_SIGNATURES signature
join RFA_BS_SIGNATURES_TRANSITION_LOG log on signature.ID = log.RFA_SIGNATURE_ID
join RFA_SIGNATURE_AUDIT audit on audit.ATTR_NAME = 'SIGNATURE_DATE' and audit.RFA_SIGNATURES_ID=signature.id
and log.REJECTED_DATE is null
where signature.AMENDMENT_ID =:amendmentId
order by log.TRANSITION_DATE ASC 
						]]>
					</value>
				</property>
		</bean>
			
		<bean id="getSSSendRFACount" class="com.markit.kyc.commons.service.query.impl.PrimitiveQueryService">
		<property name="jdbcTemplate" ref="jdbcTemplate" />
		<property name="clazz" value="java.lang.Long" />
		<property name="query">
			<value>
					<![CDATA[				
							SELECT SS_SENT_COUNT FROM RFA_AMENDMENT where id = :amendmentId
						]]>
					</value>
				</property>
		</bean>
			
			
		<bean id="selectHistory" class="com.markit.kyc.commons.service.query.impl.CacheQueryService">
		<constructor-arg index="1"><value>${cache.duration.none}</value></constructor-arg>
		<constructor-arg index="0">
			<bean parent="queryService">
				<property name="query">
					<value>
					<![CDATA[		
								
									select event.DESCRIPTION as EVENT,
									log.DOC_ID as DOC_ID,  
									case when event_id in (8,9) then log.WET_UPLOAD_FILE_ID
									else log.FILE_ID
									end
									as FILE_ID , 
									log.TRANSITION_DATE as TRANSITION_DATE,
									log.REJECTION_REASON as REJECTION_REASON,
									case when event_id in (8,9) then 'Wet-Sign'
									when event_id in (6,7) then 'E-Sign'
									else null
									end
									as SIGN_TYPE ,
									users.email as Signatory
						        From RFA_AMENDMENT_TRANSITION_LOG  log
						        join RFA_LU_EVENT event on event.RFA_LU_EVENT_ID = log.EVENT_ID
						        join mc_users users on users.uid=log.transition_by
						        where log.RFA_AMENDMENT_ID = :amendmentId
						        order by log.TRANSITION_DATE 
						]]>
					</value>
				</property>
			</bean>
		</constructor-arg>
	</bean>	
	<bean id="selectAmendmentSSSignaturePlaceholderCount" class="com.markit.kyc.commons.service.query.impl.PrimitiveQueryService">
		<property name="jdbcTemplate" ref="jdbcTemplate" />
		<property name="clazz" value="java.lang.Long" />
		<property name="query">
			<value>
					<![CDATA[	
						select SS_PLACEHOLDER_COUNT from RFA_AMENDMENT where ID = :amendmentId 												
					]]>
					</value>
				</property>
	</bean>
	<bean id="selectAmendmentBSSignaturePlaceholderCount" class="com.markit.kyc.commons.service.query.impl.PrimitiveQueryService">
		<property name="jdbcTemplate" ref="jdbcTemplate" />
		<property name="clazz" value="java.lang.Long" />
		<property name="query">
			<value>
					<![CDATA[	
						select BS_PLACEHOLDER_COUNT from RFA_AMENDMENT where ID = :amendmentId 												
					]]>
					</value>
				</property>
	</bean>
	<bean id="selectSSFileIDForAmendment" class="com.markit.kyc.commons.service.query.impl.PrimitiveQueryService">
		<property name="jdbcTemplate" ref="jdbcTemplate" />
		<property name="clazz" value="java.lang.Long" />
		<property name="query">
			<value>
					<![CDATA[	
						
						declare @history_file_id numeric(15,0)
						declare @amendment_id numeric(15,0)
						
						set @amendment_id = :amendmentId;
						
						With T_TOP_DOC_HISTORY_FILE_ID AS (
						select doc_history.FILE_ID as FILE_ID,
						DENSE_RANK() over (order by doc_history.TRANSITION_DATE DESC) as RNK 
						from RFA_AMENDMENT a 
						join RFA_AMENDMENT_TRANSITION_LOG doc_history on doc_history.RFA_AMENDMENT_ID = a.ID
					    join RFA_LU_AMENDMENT_STATUS status on status.ID = a.SS_STATUS_ID and status.deleted=0
						where 
						(
						a.SS_NEXT_STEP_ID in (select RFA_LU_NEXT_STEP_id from RFA_LU_NEXT_STEP where NAME in ('SS_SENT_RFA', 'SS_RESPONSE_PENDING','','SS_SEND_RFA'))
					    or
						status.name in ('Completed','Rejected','Recalled')
					    )
					    and doc_history.event_id not in (10,11)
						and a.ID = @amendment_id
						and doc_history.FILE_ID is not null)
						
						SELECT @history_file_id=FILE_ID from T_TOP_DOC_HISTORY_FILE_ID where RNK =1;
						
						IF @history_file_id is null 
							SELECT null as FILE_ID
						IF @history_file_id is not null
							SELECT @history_file_id as FILE_ID
																				
					]]>
					</value>
				</property>
			</bean>
	
	<bean id="selectBSFileIDForAmendment" class="com.markit.kyc.commons.service.query.impl.PrimitiveQueryService">
		<property name="jdbcTemplate" ref="jdbcTemplate" />
		<property name="clazz" value="java.lang.Long" />
		<property name="query">
			<value>
					<![CDATA[				
						
						declare @history_file_id numeric(15,0)
						declare @amendment_id numeric(15,0)
						
						set @amendment_id = :amendmentId;
						
						
						With T_TOP_DOC_HISTORY_FILE_ID AS (
						select doc_history.FILE_ID as FILE_ID,
						DENSE_RANK() over (order by doc_history.TRANSITION_DATE DESC) as RNK 
						from RFA_AMENDMENT a 
						join RFA_AMENDMENT_TRANSITION_LOG doc_history on doc_history.RFA_AMENDMENT_ID = a.ID
						where 
						a.BS_NEXT_STEP_ID in (select RFA_LU_NEXT_STEP_id from RFA_LU_NEXT_STEP where NAME in ('BS_SENT_RFA', 'BS_EDIT_DRAFT','BS_SEND_RFA'))
						and doc_history.event_id not in (7,9,10,11)
						and a.ID = @amendment_id
						and doc_history.FILE_ID is not null)
						SELECT @history_file_id=FILE_ID from T_TOP_DOC_HISTORY_FILE_ID where RNK =1;
						
						IF @history_file_id is null 
							SELECT null as FILE_ID
						IF @history_file_id is not null
							SELECT @history_file_id as FILE_ID
						
					]]>
					</value>
				</property>
			</bean>
			
			<bean id="getCommonInfo" class="com.markit.kyc.commons.service.query.impl.CacheQueryService">
				<constructor-arg index="1"><value>${cache.duration.none}</value></constructor-arg>
				<constructor-arg index="0">
					<bean parent="queryService">
						<property name="query">
							<value>
							<![CDATA[		
select 
	a.id as 'RFA ID',
	e1.legal_name as 'Investment Manager',
	e2.legal_name as 'Party A True Legal Name',
	ma.MASTERLIST_IDENTIFIER as 'Masterlist Identifier',
	rfv.field_value as 'Agreement Type'
from
	RFA_AMENDMENT a
inner join RFA_MASTER_AGREEMENT ma on (a.MASTER_AGREEMENT_ID = ma.ID and ma.DELETED = 0)
inner join mc_entities e1 on (ma.IM_ENTITY_ID = e1.entityid and e1.deleted = 0)
inner join mc_entities e2 on (ma.PARTYA_COMPANYID = e2.entityid and e2.deleted = 0)
left outer join RFA_FIELD_VALUES rfv on ma.agreement_type_id = rfv.id
where
	a.deleted = 0
	<if(rfaIdList)> 
		and a.id in
			(<rfaIdList: { rfaId | :<rfaId> };separator=",">) 
    <endif>
						]]>
							</value>
						</property>
					</bean>
				</constructor-arg>
			</bean>
			
			<bean id="downloadExhibitTemplate" class="com.markit.kyc.commons.service.query.impl.CacheQueryService">
				<constructor-arg index="1"><value>${cache.duration.none}</value></constructor-arg>
				<constructor-arg index="0">
					<bean parent="queryService">
						<property name="query">
							<value>
							<![CDATA[		
select * from
(
	select
		a.id as 'RFA ID',
		v_pd.TRUE_LEGAL_NAME as 'Party B True Legal Name',
		v_pd.CLIENT_IDENTIFIER as 'Party B Client Identifier',
		v_pd.LEI as 'Party B Pre-LEI/LEI',
		case
			when pb.IS_ADDED = 1 and (pb.ADDED_FOR_MODIFICATION is null or pb.ADDED_FOR_MODIFICATION = 0) then 'Addition'
			when pb.IS_ADDED = 0 then 'Removal'
			when fnc.rfa_partyb_fund_name_change_id is not null then 'Fund Name Change'
			when evc.rfa_partyb_exhibit_value_change_id is not null then 'Exhibit Value Change'
		end as Action,
		CAST(a.id as nvarchar(MAX)) + '#' + v_pd.TRUE_LEGAL_NAME AS ROW_KEY,
		ec.COLUMN_NAME AS COLUMN_KEY,
		cd.VALUE AS COLUMN_VALUE
	from 
		rfa_amendment a
	inner join rfa_partyb_entities pb on (pb.amendment_id = a.id and pb.deleted = 0 and pb.is_sleeve = 0)
	inner join V_RFA_PARTYB_DETAILS v_pd on (v_pd.PARTYB_ID = pb.ID)
	inner join rfa_exhibit ex on (a.id = ex.amendment_id and ex.deleted = 0)
	inner join RFA_EXHIBIT_COL ec on (ec.exhibit_id = ex.id and ec.deleted = 0)
	inner join RFA_EXHIBIT_COL_DATA cd on (cd.EXHIBIT_COL_ID = ec.ID and cd.DELETED = 0 and cd.PARTYB_ENTITY_ID = v_pd.PARTYB_ENTITY_ID
											and cd.PARTYB_ENTITY_ID = pb.ENTITY_ID)
	left outer join rfa_partyb_fund_name_change fnc on (pb.ID = fnc.PARTYB_ID and fnc.deleted=0)
	left outer join rfa_partyb_exhibit_value_change evc on (pb.ID = evc.PARTYB_ID and evc.deleted=0)										
	where
		a.deleted = 0 and a.IS_PLACEHOLDER = 0 and a.bs_status_id = 1 and a.BS_NEXT_STEP_ID = 1
		<if(rfaIdList)> 
			and a.id in
				(<rfaIdList: { rfaId | :<rfaId> };separator=",">) 
	    <endif>
) t where t.Action in ('Addition', 'Exhibit Value Change')   
						]]>
							</value>
						</property>
					</bean>
				</constructor-arg>
			</bean>
			<bean id="getMltIdentifierLabelMapByRfaId" class="com.markit.kyc.commons.service.query.impl.CacheQueryService">
				<constructor-arg index="1"><value>${cache.duration.none}</value></constructor-arg>
				<constructor-arg index="0">
					<bean parent="queryService">
						<property name="query">
							<value>
							<![CDATA[		
				SELECT
				  a.id AS RFA_ID,
				  mltf.field_identifier,
				  mltf.field_label
				FROM rfa_amendment a
				INNER JOIN rfa_master_agreement ma
				  ON ma.id = a.master_agreement_id
				INNER JOIN rfa_ml_template mlt
				  ON mlt.id = a.ml_template_id
				INNER JOIN rfa_ml_template_field mltf
				  ON mltf.ml_template_id = mlt.id
				AND mltf.field_identifier IN ('Agreement Type', 'Party B True Legal Name', 'Party B Client Identifier', 'Party B Pre-LEI/LEI', 'Investment Manager', 'Party A True Legal Name', 'Masterlist Identifier')
				<if(rfaIdList)> 
					and a.id in
					(<rfaIdList: { rfaId | :<rfaId> };separator=",">) 
	    		<endif> 
						]]>
							</value>
						</property>
					</bean>
				</constructor-arg>
			</bean>
			
			<bean id="getMltInfoByRfaId" class="com.markit.kyc.commons.service.query.impl.CacheQueryService">
				<constructor-arg index="1"><value>${cache.duration.none}</value></constructor-arg>
				<constructor-arg index="0">
					<bean parent="queryService">
						<property name="query">
							<value>
							<![CDATA[		
				SELECT
				  a.id AS RFA_ID,
				  mltf.field_identifier,
				  mltf.field_label,
				  mltf.field_visibility,
				  mltf.field_order
				FROM rfa_amendment a
				INNER JOIN rfa_master_agreement ma
				  ON ma.id = a.master_agreement_id
				INNER JOIN rfa_ml_template mlt
				  ON mlt.id = a.ml_template_id
				INNER JOIN rfa_ml_template_field mltf
				  ON mltf.ml_template_id = mlt.id
				AND mltf.field_identifier IN ('Agreement Type', 'Party B True Legal Name', 'Party B Client Identifier', 'Party B Pre-LEI/LEI', 'Investment Manager', 'Party A True Legal Name', 'Masterlist Identifier')
				<if(rfaIdList)> 
					and a.id in
					(<rfaIdList: { rfaId | :<rfaId> };separator=",">) 
					order by a.id
	    		<endif> 
						]]>
							</value>
						</property>
					</bean>
				</constructor-arg>
			</bean>

		<bean id="getAmendmentLetterBuysideGrid" class="com.markit.kyc.commons.service.query.impl.ResultSetExtractorQueryService">
			<property name="jdbcTemplate" ref="jdbcTemplate" />
			<property name="resultSetExtractor">
			<bean class="com.markit.ms.rfa.dao.resultsetextractor.AmendmentGridResultSetExtractor">
				<constructor-arg name="buySideGrid" value="true"/>
			</bean>
			</property>
			<property name="query">
				<value>
						<![CDATA[				
							
							WITH T_TABLE as
							(			 
							SELECT 
							DENSE_RANK() OVER(order by modified_date desc,amendmentId desc) AS row_num,
							amendmentId
							FROM V_RFA_AMENDMENT_DETAILS
							where partyB_companyId=:companyId and master_agreement_deleted=0		
							<if(reviewIds)>
									and (rev_legal_type_id in 
										(<reviewIds: { reviewId | <reviewIds> };separator=",">)
									or rev_onboarding_type_id in 
										(<reviewIds: { reviewId | <reviewId> };separator=",">)
							<endif>		
							<if(agreementDate)>
								and master_agreement_date in (:agreementDate) 
							<endif>
							<if(partyACompIds)>
									and partyA_entityid in 
									(<partyACompIds: { partyACompId | <partyACompId> };separator=",">)
							<endif>		
							<if(investmentManagerIds)>
									and im_entity_id in 
									(<investmentManagerIds: { investmentManagerId | <investmentManagerId> };separator=",">)
							<endif>			
							<if(masterlistIdentifiers)>
									and masterlistIdentifier in 
									(<masterlistIdentifiers: { masterlistIdentifier | '<masterlistIdentifier>' };separator=",">)
							<endif>	
							<if(partyBIds)>
									and exists (select pbent.id from rfa_partyb_entities pbent 
									where pbent.entity_id in 
									(<partyBIds: { partyBId | <partyBId> };separator=",">)
									and pbent.deleted=0 and pbent.amendment_id=amendmentId)
							<endif>	
							<if(acknowledgementStatuses)>
									and exists
									(select pbe.id from RFA_PARTYB_ENTITIES pbe
									 join RFA_LU_ACK_STATUS ack on pbe.ack_status = ack.id and ack.name in (<acknowledgementStatuses: { acknowledgementStatus | '<acknowledgementStatus>' };separator=",">)
									 where pbe.AMENDMENT_ID =  amendmentId and pbe.DELETED = 0)
							<endif>
							<if(bsRequestStatuses)>
									 and amendmentStatus in 
									 (<bsRequestStatuses: { bsRequestStatus | '<bsRequestStatus>' };separator=",">)
							<endif>	
							<if(submittedDates)>
										  and replace(convert(char(11),submit_date,113),' ','-') in 
										  (<submittedDates: { submittedDate | '<submittedDate>' };separator=",">)
							<endif>	
							<if(monikerNames)>
									  and moniker_name in 
									  (<monikerNames: { monikerName | '<monikerName>' };separator=",">)
							<endif>		
							<if(leiNames)>
									  and lei_name in 
									  (<leiNames: { leiName | '<leiName>' };separator=",">)
							<endif>												
							<if(rfaIdList)>
									 and amendmentId in 
									 (<rfaIdList: { rfaId | <rfaId> };separator=",">)
							<endif>	
							<if(agreementTypes)>
									  and agreementType in 
									  (<agreementTypes: { agreementType | '<agreementType>' };separator=",">)
							<endif>									
							)  
							select v.*,
								CASE WHEN rfa.ss_comments = rfa.resolved_comments
									THEN 'false'
									ELSE 'true'
									END AS signDisabled,
								'1' AS myStatusFlag,
								<if(partyBIds)>
									case when partyBEntityId in 
									(<partyBIds: { partyBId | <partyBId> };separator=",">) 
									THEN '1' ELSE '0' END AS entityIdFlag,
								<else>
									'1' AS entityIdFlag,
								<endif>
								<if(monikerNames)>
									case when moniker_name in 
									(<monikerNames: { monikerName | '<monikerName>' };separator=",">) 
									THEN '1' ELSE '0' END AS monikerNameFlag,
								<else>
									'1' AS monikerNameFlag,
								<endif>
								<if(leiNames)>
									case when lei_name in 
									(<leiNames: { leiName | '<leiName>' };separator=",">) 
									THEN '1' ELSE '0' END AS leiFlag,
								<else>
									'1' AS leiFlag,
								<endif>
								(select count(distinct amendmentId) from t_table) as totalCount
							from 
							 V_RFA_AMENDMENT_DETAILS v
							 inner join rfa_amendment rfa on rfa.id = v.amendmentId
							 where 
							 amendmentId in (
								select amendmentId from T_TABLE
									where row_num > (:offset - 1) * :page_size 
									and row_num \<= (:offset) * :page_size
							 )
							 order by modified_date desc
							
						]]>
						</value>
				</property>
			</bean>
			
		<bean id="getAmendmentLetterBuysideGridTotalCount" class="com.markit.kyc.commons.service.query.impl.PrimitiveQueryService">
			<property name="jdbcTemplate" ref="jdbcTemplate" />
			<property name="clazz" value="java.lang.Long" />
			<property name="query">
				<value>
						<![CDATA[				
							
					 		WITH T_TABLE as
								(			 
							 	SELECT 
							 	DENSE_RANK() OVER(order by modified_date desc,amendmentId desc) AS row_num,
								amendmentId
								FROM V_RFA_AMENDMENT_DETAILS
								where partyB_companyId=:companyId and master_agreement_deleted=0
								<if(reviewIds)>
										and (rev_legal_type_id in ((<reviewIds: { reviewId | :<reviewIds> };separator=",">)) 
											or rev_onboarding_type_id in ((<reviewIds: { reviewId | :<reviewId> };separator=",">)) 
								<endif>		
								<if(agreementDate)>
									and master_agreement_date in (:agreementDate) 
								<endif>
								<if(partyACompIds)>
										and partyA_entityid in (<partyACompIds: { partyACompId | <partyACompId> };separator=",">)
								<endif>		
								<if(investmentManagerIds)>
										and im_entity_id in (<investmentManagerIds: { investmentManagerId | <investmentManagerId> };separator=",">) 
								<endif>			
								<if(masterlistIdentifiers)>
										and masterlistIdentifier in 
										(<masterlistIdentifiers: { masterlistIdentifier | '<masterlistIdentifier>' };separator=",">)
								<endif>	
								<if(partyBIds)>
										and exists (select pbent.id from rfa_partyb_entities pbent 
										where pbent.entity_id in 
											(<partyBIds: { partyBId | <partyBId> };separator=",">)
										and pbent.deleted=0 and pbent.amendment_id=amendmentId)
								<endif>	
								<if(acknowledgementStatuses)>
										and exists
										(select pbe.id from RFA_PARTYB_ENTITIES pbe
										 join RFA_LU_ACK_STATUS ack on pbe.ack_status = ack.id and ack.name 
										 in (<acknowledgementStatuses: { acknowledgementStatus | '<acknowledgementStatus>' };separator=",">)
										 where pbe.AMENDMENT_ID =  amendmentId and pbe.DELETED = 0)
								<endif>
								<if(bsRequestStatuses)>
										 and amendmentStatus in 
										 (<bsRequestStatuses: { bsRequestStatus | '<bsRequestStatus>' };separator=",">)
								<endif>	
								<if(submittedDates)>
										  and replace(convert(char(11),submit_date,113),' ','-') in 
										  (<submittedDates: { submittedDate | '<submittedDate>' };separator=",">)
								<endif>	
								<if(monikerNames)>
										  and moniker_name in 
										  (<monikerNames: { monikerName | '<monikerName>' };separator=",">)
								<endif>		
								<if(leiNames)>
										  and lei_name in 
										  (<leiNames: { leiName | '<leiName>' };separator=",">)
								<endif>													
								<if(rfaIdList)>
										 and amendmentId in 
										 (<rfaIdList: { rfaId | <rfaId> };separator=",">)
								<endif>			
								<if(agreementTypes)>
										  and agreementType in 
										  (<agreementTypes: { agreementType | '<agreementType>' };separator=",">)
								<endif>									
								) 
					 		select COUNT(ID) from RFA_AMENDMENT
							where ID in (select amendmentId from T_TABLE)
							
						]]>
						</value>
				</property>
			</bean>			

		<bean id="getAmendmentLetterSellsideGrid" class="com.markit.kyc.commons.service.query.impl.ResultSetExtractorQueryService">
			<property name="jdbcTemplate" ref="jdbcTemplate" />
			<property name="resultSetExtractor">
			<bean class="com.markit.ms.rfa.dao.resultsetextractor.AmendmentGridResultSetExtractor">
				<constructor-arg name="buySideGrid" value="false"/>
			</bean>
			</property>
			<property name="query">
				<value>
						<![CDATA[				
							
							WITH T_TABLE as
							(			 
							SELECT 
							DENSE_RANK() OVER(order by modified_date desc,amendmentId desc) AS row_num,
							amendmentId
							FROM V_RFA_AMENDMENT_DETAILS_SS
							where partyA_companyId=:companyId and master_agreement_deleted=0 and amendmentStatus_SS is not null	
							<if(reviewIds)>
									and (rev_legal_type_id in 
										(<reviewIds: { reviewId | <reviewIds> };separator=",">)
									or rev_onboarding_type_id in 
										(<reviewIds: { reviewId | <reviewId> };separator=",">)
							<endif>		
							<if(agreementDate)>
								and master_agreement_date in (:agreementDate) 
							<endif>
							<if(partyACompIds)>
									and partyA_entityid in 
									(<partyACompIds: { partyACompId | <partyACompId> };separator=",">)
							<endif>		
							<if(investmentManagerIds)>
									and im_entity_id in 
									(<investmentManagerIds: { investmentManagerId | <investmentManagerId> };separator=",">)
							<endif>			
							<if(masterlistIdentifiers)>
									and masterlistIdentifier in 
									(<masterlistIdentifiers: { masterlistIdentifier | '<masterlistIdentifier>' };separator=",">)
							<endif>	
							<if(partyBIds)>
									and exists (select pbent.id from rfa_partyb_entities pbent 
									where pbent.entity_id in 
									(<partyBIds: { partyBId | <partyBId> };separator=",">)
									and pbent.deleted=0 and pbent.amendment_id=amendmentId)
							<endif>	
							<if(acknowledgementStatuses)>
									and exists
									(select pbe.id from RFA_PARTYB_ENTITIES pbe
									 join RFA_LU_ACK_STATUS ack on pbe.ack_status = ack.id and ack.name in (<acknowledgementStatuses: { acknowledgementStatus | '<acknowledgementStatus>' };separator=",">)
									 where pbe.AMENDMENT_ID =  amendmentId and pbe.DELETED = 0)
							<endif>
							<if(ssRequestStatuses)>
									 and amendmentStatus_SS in 
									 (<ssRequestStatuses: { ssRequestStatus | '<ssRequestStatus>' };separator=",">)
							<endif>		
							<if(submittedDates)>
										  and replace(convert(char(11),submit_date,113),' ','-') in 
										  (<submittedDates: { submittedDate | '<submittedDate>' };separator=",">)
							<endif>	
							<if(monikerNames)>
									  and moniker_name in 
									  (<monikerNames: { monikerName | '<monikerName>' };separator=",">)
							<endif>		
							<if(leiNames)>
									  and lei_name in 
									  (<leiNames: { leiName | '<leiName>' };separator=",">)
							<endif>												
							<if(rfaIdList)>
									 and amendmentId in 
									 (<rfaIdList: { rfaId | <rfaId> };separator=",">)
							<endif>	
							<if(agreementTypes)>
									  and agreementType in 
									  (<agreementTypes: { agreementType | '<agreementType>' };separator=",">)
							<endif>
							<if(deskStatus)>
									  and (1!=1 
							<endif>
								<if(OE)>
										  or ONBOARDING_ESCALATED = 1
								<endif>
								<if(ON)>
										  or ONBOARDING_NOTIFIED = 1
								<endif>
								<if(OP)>
										  or ONBOARDING_IN_PROGRESS = 1
								<endif>
								<if(OC)>
										  or ONBOARDING_COMPLETED = 1
								<endif>
								<if(KE)>
										  or KYC_ESCALATED = 1
								<endif>
								<if(KN)>
										  or KYC_NOTIFIED = 1
								<endif>
								<if(KP)>
										  or KYC_IN_PROGRESS = 1
								<endif>
								<if(KC)>
										  or KYC_COMPLETED = 1
								<endif>
								<if(TE)>
										  or TAX_ESCALATED = 1
								<endif>
								<if(TN)>
										  or TAX_NOTIFIED = 1
								<endif>
								<if(TP)>
										  or TAX_IN_PROGRESS = 1
								<endif>
								<if(TC)>
										  or TAX_COMPLETED = 1
								<endif>
								<if(CE)>
										  or CREDIT_ESCALATED = 1
								<endif>
								<if(CN)>
										  or CREDIT_NOTIFIED = 1
								<endif>
								<if(CP)>
										  or CREDIT_IN_PROGRESS = 1
								<endif>
								<if(CC)>
										  or CREDIT_COMPLETED = 1
								<endif>
								<if(LE)>
										  or LEGAL_ESCALATED = 1
								<endif>
								<if(LN)>
										  or LEGAL_NOTIFIED = 1
								<endif>
								<if(LP)>
										  or LEGAL_IN_PROGRESS = 1
								<endif>
								<if(LC)>
										  or LEGAL_COMPLETED = 1
								<endif>
								<if(OPE)>
										  or OPERATIONS_ESCALATED = 1
								<endif>
								<if(OPN)>
										  or OPERATIONS_NOTIFIED = 1
								<endif>
								<if(OPP)>
										  or OPERATIONS_IN_PROGRESS = 1
								<endif>
								<if(OPC)>
										  or OPERATIONS_COMPLETED = 1
								<endif>
								<if(ME)>
										  or MANAGER_ESCALATED = 1
								<endif>
								<if(MN)>
										  or MANAGER_NOTIFIED = 1
								<endif>
								<if(MP)>
										  or MANAGER_IN_PROGRESS = 1
								<endif>
								<if(MC)>
										  or MANAGER_COMPLETED = 1
								<endif>
							<if(deskStatus)>
									  )
							<endif>
							)  
							select 
								v.*,
								CASE WHEN rfa.exhibit_changes + rfa.amendment_changes = rfa.changes_responded 
										AND rfa.ss_comments = rfa.resolved_comments
									THEN 'false'
								ELSE 'true'
								END AS signDisabled,
								<if(deskStatus)>
									  CASE WHEN (1!=1 
									
										<if(OE)>
												  or ONBOARDING_ESCALATED = 1
										<endif>
										<if(ON)>
												  or ONBOARDING_NOTIFIED = 1
										<endif>
										<if(OP)>
												  or ONBOARDING_IN_PROGRESS = 1
										<endif>
										<if(OC)>
												  or ONBOARDING_COMPLETED = 1
										<endif>
										<if(KE)>
												  or KYC_ESCALATED = 1
										<endif>
										<if(KN)>
												  or KYC_NOTIFIED = 1
										<endif>
										<if(KP)>
												  or KYC_IN_PROGRESS = 1
										<endif>
										<if(KC)>
												  or KYC_COMPLETED = 1
										<endif>
										<if(TE)>
												  or TAX_ESCALATED = 1
										<endif>
										<if(TN)>
												  or TAX_NOTIFIED = 1
										<endif>
										<if(TP)>
												  or TAX_IN_PROGRESS = 1
										<endif>
										<if(TC)>
												  or TAX_COMPLETED = 1
										<endif>
										<if(CE)>
												  or CREDIT_ESCALATED = 1
										<endif>
										<if(CN)>
												  or CREDIT_NOTIFIED = 1
										<endif>
										<if(CP)>
												  or CREDIT_IN_PROGRESS = 1
										<endif>
										<if(CC)>
												  or CREDIT_COMPLETED = 1
										<endif>
										<if(LE)>
												  or LEGAL_ESCALATED = 1
										<endif>
										<if(LN)>
												  or LEGAL_NOTIFIED = 1
										<endif>
										<if(LP)>
												  or LEGAL_IN_PROGRESS = 1
										<endif>
										<if(LC)>
												  or LEGAL_COMPLETED = 1
										<endif>
										<if(OPE)>
												  or OPERATIONS_ESCALATED = 1
										<endif>
										<if(OPN)>
												  or OPERATIONS_NOTIFIED = 1
										<endif>
										<if(OPP)>
												  or OPERATIONS_IN_PROGRESS = 1
										<endif>
										<if(OPC)>
												  or OPERATIONS_COMPLETED = 1
										<endif>
										<if(ME)>
												  or MANAGER_ESCALATED = 1
										<endif>
										<if(MN)>
												  or MANAGER_NOTIFIED = 1
										<endif>
										<if(MP)>
												  or MANAGER_IN_PROGRESS = 1
										<endif>
										<if(MC)>
												  or MANAGER_COMPLETED = 1
										<endif>
									)	
									THEN '1' ELSE '0' END AS myStatusFlag,
								<else>
									'1' AS myStatusFlag,
								<endif>
								<if(partyBIds)>
									case when partyBEntityId in 
									(<partyBIds: { partyBId | <partyBId> };separator=",">) 
									THEN '1' ELSE '0' END AS entityIdFlag,
								<else>
									'1' AS entityIdFlag,
								<endif>
								<if(monikerNames)>
									case when moniker_name in 
									(<monikerNames: { monikerName | '<monikerName>' };separator=",">) 
									THEN '1' ELSE '0' END AS monikerNameFlag,
								<else>
									'1' AS monikerNameFlag,
								<endif>
								<if(leiNames)>
									case when lei_name in 
									(<leiNames: { leiName | '<leiName>' };separator=",">) 
									THEN '1' ELSE '0' END AS leiFlag,
								<else>
									'1' AS leiFlag,
								<endif>								
								(select count(distinct amendmentId) from t_table) as totalCount
							from
							V_RFA_AMENDMENT_DETAILS_SS v
							inner join rfa_amendment rfa on rfa.id = v.amendmentId
							 where 
							 v.amendmentId in (
								select amendmentId from T_TABLE
									where row_num > (:offset - 1) * :page_size 
									and row_num \<= (:offset) * :page_size
							 )
							 order by modified_date desc
							
						]]>
						</value>
				</property>
			</bean>
			
		<bean id="getAmendmentLetterSellsideGridTotalCount" class="com.markit.kyc.commons.service.query.impl.PrimitiveQueryService">
			<property name="jdbcTemplate" ref="jdbcTemplate" />
			<property name="clazz" value="java.lang.Long" />
			<property name="query">
				<value>
						<![CDATA[				
							
					 		WITH T_TABLE as
								(			 
							 	SELECT 
							 	DENSE_RANK() OVER(order by modified_date desc,amendmentId desc) AS row_num,
								amendmentId
								FROM V_RFA_AMENDMENT_DETAILS_SS
								where partyA_companyId=:companyId and master_agreement_deleted=0 and amendmentStatus_SS is not null	
								<if(reviewIds)>
										and (rev_legal_type_id in ((<reviewIds: { reviewId | :<reviewIds> };separator=",">)) 
											or rev_onboarding_type_id in ((<reviewIds: { reviewId | :<reviewId> };separator=",">)) 
								<endif>		
								<if(agreementDate)>
									and master_agreement_date in (:agreementDate) 
								<endif>
								<if(partyACompIds)>
										and partyA_entityid in ((<partyACompIds: { partyACompId | <partyACompId> };separator=",">)) 
								<endif>		
								<if(investmentManagerIds)>
										and im_entity_id in (<investmentManagerIds: { investmentManagerId | <investmentManagerId> };separator=",">)
								<endif>			
								<if(masterlistIdentifiers)>
										and masterlistIdentifier in 
										(<masterlistIdentifiers: { masterlistIdentifier | '<masterlistIdentifier>' };separator=",">)
								<endif>	
								<if(partyBIds)>
										and exists (select pbent.id from rfa_partyb_entities pbent 
										where pbent.entity_id in 
											(<partyBIds: { partyBId | <partyBId> };separator=",">)
										and pbent.deleted=0 and pbent.amendment_id=amendmentId)
								<endif>	
								<if(acknowledgementStatuses)>
										and exists
										(select pbe.id from RFA_PARTYB_ENTITIES pbe
										 join RFA_LU_ACK_STATUS ack on pbe.ack_status = ack.id and ack.name 
										 in (<acknowledgementStatuses: { acknowledgementStatus | '<acknowledgementStatus>' };separator=",">)
										 where pbe.AMENDMENT_ID =  amendmentId and pbe.DELETED = 0)
								<endif>
								<if(ssRequestStatuses)>
										 and amendmentStatus_SS in 
										 (<ssRequestStatuses: { ssRequestStatus | '<ssRequestStatus>' };separator=",">)
								<endif>		
								<if(submittedDates)>
										  and replace(convert(char(11),submit_date,113),' ','-') in 
										  (<submittedDates: { submittedDate | '<submittedDate>' };separator=",">)
								<endif>	
								<if(monikerNames)>
										  and moniker_name in 
										  (<monikerNames: { monikerName | '<monikerName>' };separator=",">)
								<endif>	
								<if(leiNames)>
										  and lei_name in 
										  (<leiNames: { leiName | '<leiName>' };separator=",">)
								<endif>										
								<if(rfaIdList)>
										 and amendmentId in 
										 (<rfaIdList: { rfaId | <rfaId> };separator=",">)
								<endif>		
								<if(agreementTypes)>
										  and agreementType in 
										  (<agreementTypes: { agreementType | '<agreementType>' };separator=",">)
								<endif>
								<if(deskStatus)>
									  and (1!=1 
									<endif>
										<if(OE)>
												  or ONBOARDING_ESCALATED = 1
										<endif>
										<if(ON)>
												  or ONBOARDING_NOTIFIED = 1
										<endif>
										<if(OP)>
												  or ONBOARDING_IN_PROGRESS = 1
										<endif>
										<if(OC)>
												  or ONBOARDING_COMPLETED = 1
										<endif>
										<if(KE)>
												  or KYC_ESCALATED = 1
										<endif>
										<if(KN)>
												  or KYC_NOTIFIED = 1
										<endif>
										<if(KP)>
												  or KYC_IN_PROGRESS = 1
										<endif>
										<if(KC)>
												  or KYC_COMPLETED = 1
										<endif>
										<if(TE)>
												  or TAX_ESCALATED = 1
										<endif>
										<if(TN)>
												  or TAX_NOTIFIED = 1
										<endif>
										<if(TP)>
												  or TAX_IN_PROGRESS = 1
										<endif>
										<if(TC)>
												  or TAX_COMPLETED = 1
										<endif>
										<if(CE)>
												  or CREDIT_ESCALATED = 1
										<endif>
										<if(CN)>
												  or CREDIT_NOTIFIED = 1
										<endif>
										<if(CP)>
												  or CREDIT_IN_PROGRESS = 1
										<endif>
										<if(CC)>
												  or CREDIT_COMPLETED = 1
										<endif>
										<if(LE)>
												  or LEGAL_ESCALATED = 1
										<endif>
										<if(LN)>
												  or LEGAL_NOTIFIED = 1
										<endif>
										<if(LP)>
												  or LEGAL_IN_PROGRESS = 1
										<endif>
										<if(LC)>
												  or LEGAL_COMPLETED = 1
										<endif>
										<if(OPE)>
												  or OPERATIONS_ESCALATED = 1
										<endif>
										<if(OPN)>
												  or OPERATIONS_NOTIFIED = 1
										<endif>
										<if(OPP)>
												  or OPERATIONS_IN_PROGRESS = 1
										<endif>
										<if(OPC)>
												  or OPERATIONS_COMPLETED = 1
										<endif>
										<if(ME)>
												  or MANAGER_ESCALATED = 1
										<endif>
										<if(MN)>
												  or MANAGER_NOTIFIED = 1
										<endif>
										<if(MP)>
												  or MANAGER_IN_PROGRESS = 1
										<endif>
										<if(MC)>
												  or MANAGER_COMPLETED = 1
										<endif>
									<if(deskStatus)>
											  )
									<endif>									
								) 
					 		select COUNT(ID) from RFA_AMENDMENT
							where ID in (select amendmentId from T_TABLE)
							
						]]>
						</value>
				</property>
			</bean>							

</beans>