<?xml version="1.0" encoding="UTF-8"?>
<beans xmlns="http://www.springframework.org/schema/beans"
	xmlns:xsi="http://www.w3.org/2001/XMLSchema-instance" xmlns:util="http://www.springframework.org/schema/util" 
	xmlns:p="http://www.springframework.org/schema/p"
	xmlns:context="http://www.springframework.org/schema/context"
	xmlns:mvc="http://www.springframework.org/schema/mvc" xmlns:security="http://www.springframework.org/schema/security"
	xsi:schemaLocation="
        http://www.springframework.org/schema/beans
        http://www.springframework.org/schema/beans/spring-beans-4.0.xsd
        http://www.springframework.org/schema/util
        http://www.springframework.org/schema/util/spring-util-4.0.xsd
        http://www.springframework.org/schema/context
        http://www.springframework.org/schema/context/spring-context-4.0.xsd
        http://www.springframework.org/schema/mvc
        http://www.springframework.org/schema/mvc/spring-mvc-4.0.xsd">
        
	<bean id="chaserValidator" class="com.markit.ms.rfa.command.validator.impl.ChaserValidator"/>
	<bean id="sendValidator" class="com.markit.ms.rfa.command.validator.impl.SendValidator"/>
	<bean id="signatureValidator" class="com.markit.ms.rfa.command.validator.impl.SignatureValidator"/>
	<bean id="signatoryNotificationValidator" class="com.markit.ms.rfa.command.validator.impl.SignatoryNotificationValidator"/>
	<bean id="exhibitValidator" class="com.markit.ms.rfa.command.validator.impl.ExhibitValidator"/>
	
 	<bean id="bulkActionValidationInvoker" class="com.markit.ms.rfa.command.validator.BulkActionValidationInvoker">
		<property name="validatorMap">
			<map>
				<entry key="CHASER"><ref bean="chaserValidator"/></entry>
				<entry key="SEND"><ref bean="sendValidator"/></entry>
				<entry key="E_SIGN"><ref bean="signatureValidator"/></entry>
				<entry key="SIGNATORY_NOTIFICATION"><ref bean="signatoryNotificationValidator"/></entry>
				<entry key="EXHIBIT_VALUE"><ref bean="exhibitValidator"/></entry>
			</map>
		</property>
	</bean>	
		
	<bean id="chaserEmailNotifier" class="com.markit.ms.rfa.command.notifier.impl.ChaserEmailNotifier">
		<property name="getUserEmailsForChaser"><ref bean="getUserEmailsForChaser"/></property>
		<property name="getChaserRfaIdsCorrespondingPartyAIds"><ref bean="getChaserRfaIdsCorrespondingPartyAIds"/></property>
		<property name="emailBodyTemplate" value="email_rfa_chaser_notification.vm"/>
		<property name="emailSubjectTemplate" value="email_rfa_subj.vm"/>
	</bean>
	
	<bean id="signatoryEmailNotifier" class="com.markit.ms.rfa.command.notifier.impl.SignatoryEmailNotifier">
		<property name="getIMsForRFAIds"><ref bean="getIMsForRFAIds"></ref></property>
		<property name="emailBodyTemplate" value="email_rfa_signatory_notification.vm"/>
		<property name="emailSubjectTemplate" value="email_rfa_signatory_notification_subj.vm"/>
	</bean>
	
	<bean id="errorEmailNotifier" class="com.markit.ms.rfa.command.notifier.impl.RfaErrorEmailNotifier">
		<property name="emailBodyTemplate" value="email_rfa_error_notification.vm"/>
		<property name="emailSubjectTemplate" value="email_rfa_error_subj.vm"/>
	</bean>
	
	<bean id="successEmailNotifier" class="com.markit.ms.rfa.command.notifier.impl.RfaSuccessEmailNotifier">
		<property name="emailBodyTemplate" value="email_rfa_success_notification.vm"/>
		<property name="emailSubjectTemplate" value="email_rfa_success_subj.vm"/>
	</bean>
	
	<bean id="bulkEmailNotificationInvoker" class="com.markit.ms.rfa.command.notifier.BulkActionEmailNotificationInvoker">
		<property name="bulkActionValidationInvoker"><ref bean="bulkActionValidationInvoker"/></property>
 		<property name="notifierMap">
			<map>
				<entry key="CHASER"><ref bean="chaserEmailNotifier"/></entry>
				<entry key="SIGNATORY_NOTIFICATION"><ref bean="signatoryEmailNotifier"/></entry>
				<entry key="ERROR_NOTIFICATION"><ref bean="errorEmailNotifier"/></entry>
				<entry key="SUCCESS_NOTIFICATION"><ref bean="successEmailNotifier"/></entry>
				
			</map>
		</property>
	</bean>		
	
	<bean id="bulkValidationQueries" class="java.util.HashMap">
		<constructor-arg>
			<map key-type="java.lang.String" value-type="com.markit.kyc.commons.service.query.impl.CacheQueryService">
				<entry key="EXHIBIT_VALUE" value-ref="getValidRfaIdsForExhibitUpload" />
				<entry key="CHASER" value-ref="getValidRfaIdsForChasers" />
				<entry key="E_SIGN" value-ref="getValidRfaIdsToSign" />
				<entry key="SIGNATORY_NOTIFICATION" value-ref="getValidRfaIdsForSignatoryNotification" />
				<entry key="SEND" value-ref="getValidRfaIdsToSend" />
			</map>
		</constructor-arg>
	</bean>		
	
	<!-- Test rfaId: 1000001200 -->
	<bean id="getValidRfaIdsForExhibitUpload" class="com.markit.kyc.commons.service.query.impl.CacheQueryService">
		<constructor-arg index="1"><value>${cache.duration.none}</value></constructor-arg>
		<constructor-arg index="0">
			<bean parent="queryService">
				<property name="query">
					<value>
						<![CDATA[
	 						select distinct
							ad.amendmentId as validRfaId,
							ad.masterAgreementDate as masterAgreementDate,
							ad.investmentManagerName as investmentManager,
							ad.partyAName as partyATrueLegalName,
							ad.masterlistIdentifier as masterlistIdentifier,
							et.NAME as linkedExhibitTemplate
							from v_rfa_amendment_details ad
							inner join rfa_exhibit_template et on ad.exhibit_template_id=et.ID and et.deleted=0
							where ad.amendmentId in (<rfaIds: { rfaId | :<rfaId> };separator=",">) 
							and partyB_companyId = :companyId and ad.amendmentStatus = 'Draft' 
							and bs_next_step = 'BS_LINKED_EXHIBIT_EDITOR'
							--and (ad.bsSignCount is null or ad.bsSignCount = 0) -- uncomment this line and comment above line, in case business
																				--  wants to allow the exhibit value updation until first BS sign.
						]]>
					</value>
				</property>
			</bean>
		</constructor-arg>		
	</bean>
	
	
	<!-- Test rfaId: 1000001193 -->
	<bean id="getValidRfaIdsToSend" class="com.markit.kyc.commons.service.query.impl.CacheQueryService">
		<constructor-arg index="1"><value>${cache.duration.none}</value></constructor-arg>
		<constructor-arg index="0">
			<bean parent="queryService">
				<property name="query">
					<value>
						<![CDATA[
							<if(buysideCompanyType)>
							
							select distinct a.amendmentId as validRfaId
							from v_rfa_amendment_details a
							where a.partyB_companyId = :companyId							
							and a.amendmentId in (<rfaIds: { rfaId | :<rfaId> };separator=",">)
							and a.bs_next_step='BS_SEND_RFA'
							
							<else>
							
							select distinct a.amendmentId as validRfaId
							from v_rfa_amendment_details_ss a
							where a.partyA_companyId = :companyId
							and a.amendmentId in (<rfaIds: { rfaId | :<rfaId> };separator=",">)							
							and a.ss_next_step='SS_SEND_RFA'
							
							<endif>
						]]>
					</value>
				</property>
			</bean>
		</constructor-arg>		
	</bean>
	
	<!-- Test rfaId: 1000001201 -->
	<bean id="getValidRfaIdsForChasers" class="com.markit.kyc.commons.service.query.impl.CacheQueryService">
		<constructor-arg index="1"><value>${cache.duration.none}</value></constructor-arg>
		<constructor-arg index="0">
			<bean parent="queryService">
				<property name="query">
					<value>
						<![CDATA[
							select distinct  
							a.amendmentId as validRfaId
							from v_rfa_amendment_details a
							where a.partyB_companyId = :companyId
							and a.amendmentId in (<rfaIds: { rfaId | :<rfaId> };separator=",">)
							and a.bs_next_step='BS_SENT_RFA'
							and a.amendmentStatus!='Completed'
						]]>
					</value>
				</property>
			</bean>
		</constructor-arg>		
	</bean>
	
	<!-- Test rfaId: 1000001193 -->
	<bean id="getValidRfaIdsToSign" class="com.markit.kyc.commons.service.query.impl.CacheQueryService">
		<constructor-arg index="1"><value>${cache.duration.none}</value></constructor-arg>
		<constructor-arg index="0">
			<bean parent="queryService">
				<property name="query">
					<value>
						<![CDATA[
							<if(buysideCompanyType)>
							
							select distinct
								a.amendmentId as validRfaId
								,ra.BS_PLACEHOLDER_COUNT
								,ra.SS_PLACEHOLDER_COUNT
								,LTRIM((select ' | ' + convert(nvarchar, stl.placeholder_index) + ' | ' + s.name + ' | ' + REPLACE(REPLACE(LEFT(CONVERT(varchar(25), convert(datetime2, signature_date, 126), 109), 11),' ','-'),'--','-0')
									from rfa_signatures s
									inner join rfa_bs_signatures_transition_log stl on stl.rfa_signature_id=s.id
									where s.amendment_id=a.amendmentId and stl.REJECTED_BY is null and stl.REJECTED_DATE is null
									for xml path (''))) [signatureDetails]
							from v_rfa_amendment_details a 
							inner join RFA_AMENDMENT ra on (ra.ID = a.amendmentId)
							where a.partyB_companyId = :companyId
							and a.amendmentId in (<rfaIds: { rfaId | :<rfaId> };separator=",">)
							and a.bs_next_step in ('BS_ESIGN', 'BS_SEND_RFA')
							
							<else>							
							
							select distinct
								a.amendmentId as validRfaId
								,ra.BS_PLACEHOLDER_COUNT
								,ra.SS_PLACEHOLDER_COUNT
								,LTRIM((select ' | ' + convert(nvarchar, stl.placeholder_index) + ' | ' + s.name + ' | ' + REPLACE(REPLACE(LEFT(CONVERT(varchar(25), convert(datetime2, signature_date, 126), 109), 11),' ','-'),'--','-0')
									from rfa_signatures s
									inner join rfa_ss_signatures_transition_log stl on stl.rfa_signature_id=s.id
									where s.amendment_id=a.amendmentId and stl.REJECTED_BY is null and stl.REJECTED_DATE is null
									for xml path (''))) [signatureDetails]
							from v_rfa_amendment_details_ss a 
							inner join RFA_AMENDMENT ra on (ra.ID = a.amendmentId)
							where a.partyA_companyId = :companyId
							and a.amendmentId in (<rfaIds: { rfaId | :<rfaId> };separator=",">)
							and a.ss_next_step in ('SS_ESIGN', 'SS_SEND_RFA')
							
							<endif>								
						]]>
					</value>
				</property>
			</bean>
		</constructor-arg>		
	</bean>	
	
	<bean id="getValidRfaIdsForSignatoryNotification" class="com.markit.kyc.commons.service.query.impl.CacheQueryService">
		<constructor-arg index="1"><value>${cache.duration.none}</value></constructor-arg>
		<constructor-arg index="0">
			<bean parent="queryService">
				<property name="query">
					<value>
						<![CDATA[
							<if(buysideCompanyType)>
							
							select distinct a.amendmentId as validRfaId,
							ma.masterlist_identifier as masterlistIdentifier
							from v_rfa_amendment_details a
							inner join rfa_master_agreement ma on ma.id=a.masterAgreementId and ma.deleted=0
							where a.partyB_companyId = :companyId
							and a.amendmentId in (<rfaIds: { rfaId | :<rfaId> };separator=",">)
							and a.bs_next_step in ('BS_SEND_RFA', 'BS_ESIGN')
							
							<else>
							
							select distinct a.amendmentId as validRfaId,
							ma.masterlist_identifier as masterlistIdentifier
							from v_rfa_amendment_details_ss a
							inner join rfa_master_agreement ma on ma.id=a.masterAgreementId and ma.deleted=0
							where a.partyA_companyId = :companyId
							and a.amendmentId in (<rfaIds: { rfaId | :<rfaId> };separator=",">)
							and a.ss_next_step in ('SS_SEND_RFA','SS_ESIGN')
							
							<endif>
						]]>
					</value>
				</property>
			</bean>
		</constructor-arg>		
	</bean>	
	
	<bean id="getChaserRfaIdsCorrespondingPartyAIds" class="com.markit.kyc.commons.service.query.impl.CacheQueryService">
		<constructor-arg index="1"><value>${cache.duration.none}</value></constructor-arg>
		<constructor-arg index="0">
			<bean parent="queryService">
				<property name="query">
					<value>
						<![CDATA[
							select 
								distinct n.rfa_amendment_id as rfaAmendmentId,partyB_E.name as investmentManagerName,
								partyA_C.companyid as partyACompanyId,
								partyA_C.companyname as partyACompanyName,
								partyA_E.name as partyAName
								
							from rfa_notification n 
							inner join rfa_amendment a on n.rfa_amendment_id=a.id
							inner join rfa_master_agreement ma on a.master_agreement_id = ma.id
							inner join mc_entities partyB_E on ma.im_entity_id = partyB_E.entityid
							inner join mc_entities partyA_E on ma.partya_companyid = partyA_E.entityid
							inner join mc_companies partyB_C on partyB_E.companyid = partyB_C.companyid
							inner join mc_companies partyA_C on partyA_E.companyid = partyA_C.companyid
							where n.rfa_notification_status_id = (select rfa_notification_status_id from rfa_lu_notification_status where name='Pending')
						]]>
					</value>
				</property>
			</bean>
		</constructor-arg>		
	</bean>	
	
	<bean id="getUserEmailsForChaser" class="com.markit.kyc.commons.service.query.impl.CacheQueryService">
		<constructor-arg index="1"><value>${cache.duration.none}</value></constructor-arg>
		<constructor-arg index="0">
			<bean parent="queryService">
				<property name="query">
					<value>
						<![CDATA[

							with rfa_users as
							(
							select distinct
							u.email,
							u.uid,
							u.companyid
							from mc_users u
							inner join mc_user_roles ur on ur.uid=u.uid and ur.deleted=0
							inner join mc_roles r on r.id=ur.rid and r.deleted=0 and r.name in ('SS RFA', 'SS RFA READ')
							where u.companyid = :companyId
							)
							,exclude_users as (
							select distinct
							u.uid
							from rfa_users u
							inner join mc_user_roles ur on ur.uid=u.uid and ur.deleted=0
							inner join mc_roles r on r.id=ur.rid and r.deleted=0 and r.name='SS RFA Signatory'
							where u.companyid = :companyId
							)
							select distinct
							ru.email,
							ru.uid,
							c.companyname as partyACompanyName
							from rfa_users ru
							inner join mc_companies c on c.companyid=ru.companyid and c.deleted=0
							where ru.uid not in (select eu.uid from exclude_users eu)
						]]>
					</value>
				</property>
			</bean>
		</constructor-arg>		
	</bean>	
		
		
		<bean id="getIMsForRFAIds" class="com.markit.kyc.commons.service.query.impl.CacheQueryService">
		<constructor-arg index="1"><value>${cache.duration.none}</value></constructor-arg>
		<constructor-arg index="0">
			<bean parent="queryService">
				<property name="query">
					<value>
						<![CDATA[

							select ra.id, me.name from rfa_amendment ra
								inner join rfa_master_agreement rma on ra.master_agreement_id = rma.id
								inner join mc_entities me on rma.im_entity_id = me.entityid
							where
							<if(rfaIds)> 
								ra.id in
								(<rfaIds: { rfaId | :<rfaId> };separator=",">) 
						    <endif>

						]]>
					</value>
				</property>
			</bean>
		</constructor-arg>		
	</bean>	
</beans>
