<?xml version="1.0" encoding="UTF-8"?>
<!DOCTYPE properties SYSTEM "http://java.sun.com/dtd/properties.dtd">
<properties>

	<entry key="deskReviewStatus#insert">
				<![CDATA[
				INSERT 
				INTO RFA_PARTYB_DESK_STATUS (partyb_id, created_by, created_date,modified_by, modified_date, #COLUMN_NAME,deleted)
				VALUES (:partyBId,:createdBy,GETDATE(),:createdBy,GETDATE(),:isReviewed,0)
				]]>
	</entry>
	
	<entry key="deskReviewStatus#update">
				<![CDATA[
				UPDATE 
				RFA_PARTYB_DESK_STATUS
				SET #COLUMN_NAME=:isReviewed,
				modified_by=:modifiedBy,
				modified_date=GETDATE()
				where PARTYB_ID=:partyBId
				and deleted=0
				]]>
	</entry>
	
	<entry key="deskReviewStatus#merge">
				<![CDATA[
				MERGE 
				RFA_PARTYB_DESK_STATUS rpds
				USING ( select id as partyb_id from
				rfa_partyb_entities where id = :partyBId and deleted=0 and amendment_id=:amendmentId) TMP
				ON(TMP.partyb_id = rpds.partyb_id)
				WHEN MATCHED THEN
					UPDATE 
					SET #COLUMN_NAME = :isReviewed, modified_by=:modifiedBy, modified_date=GETDATE()
				WHEN NOT MATCHED THEN
					INSERT (partyb_id, created_by, created_date,modified_by, modified_date, #COLUMN_NAME,deleted)
					VALUES (TMP.partyb_id,:createdBy,GETDATE(),:createdBy,GETDATE(),:isReviewed,0);
				]]>
	</entry>
		
	<entry key="deskReviewLU#deskTypeUserRole">
				<![CDATA[
				select d.desk_type
				from RFA_LU_DESK_REVIEW_DETAILS lu
				inner join RFA_LU_DESK_TYPE d on (d.id=lu.desk_type)
				inner join mc_role_to_permissions rp on (rp.pid = d.permission_id and rp.deleted=0)
				inner join mc_roles r on (rp.rid = r.id and r.deleted=0)
				inner join mc_user_roles u on (u.rid = r.id and u.deleted=0)
				where u.uid = :userId
				and lu.deleted=0 and lu.code=:deskCode
				]]>
	</entry>	
				
		
</properties>