<?xml version="1.0" encoding="UTF-8"?>
<!DOCTYPE properties SYSTEM "http://java.sun.com/dtd/properties.dtd">
<properties>

	<entry key="deskReviewHistory#create">
		 <![CDATA[
		 		DECLARE @desk_review_details_id NUMERIC(15);				
				SET @desk_review_details_id = (SELECT id FROM RFA_LU_DESK_REVIEW_DETAILS WHERE CODE = :deskCode and deleted=0);
								
				INSERT 
				INTO RFA_PARTYB_DESK_REVIEW_HISTORY (PARTYB_ID, CREATED_BY, CREATED_DATE, IS_REVIEWED,
					DESK_REVIEW_DETAILS_ID, IS_BULK_ACTION, DELETED)
				VALUES (:partyBId ,:createdBy ,GETDATE(), :isReviewed,
					@desk_review_details_id, :isBulkAction, 0);
		 ]]>
	</entry>

	<entry key="deskReviewHistory#createAtAmendment">
		 <![CDATA[
		 		DECLARE @desk_review_details_id NUMERIC(15);				
				SET @desk_review_details_id = (SELECT id FROM RFA_LU_DESK_REVIEW_DETAILS WHERE CODE = :deskCode and deleted=0);
								
				INSERT 
				INTO RFA_AMENDMENT_DESK_REVIEW_HISTORY (AMENDMENT_ID , CREATED_BY, CREATED_DATE, IS_REVIEWED,
					DESK_REVIEW_DETAILS_ID, DELETED)
				VALUES (:amendmentId ,:createdBy ,GETDATE(), :isReviewed,
					@desk_review_details_id, 0);
		 ]]>
	</entry>
		
	<entry key="deskReviewHistory#reviewHistoryDetails" >
				<![CDATA[
				select * from (
					select row_number() over (order by audit.CREATED_DATE desc) as row_num,
					count(*) over() as totalCount,
					audit.id as id,
					users.email as actionedBy,
					audit.created_date as actionedDate,
					audit.is_reviewed as isReviewed
					from RFA_PARTYB_DESK_REVIEW_HISTORY audit 
					inner join RFA_LU_DESK_REVIEW_DETAILS lu on (lu.id=audit.DESK_REVIEW_DETAILS_ID)
					inner join MC_USERS users on (users.uid=audit.created_by)
					where audit.partyB_ID=:partyBId and audit.deleted=0
					and lu.code=:deskCode and lu.deleted=0
				)
				AS result
				where row_num <=:pageSize
				]]>
	</entry>

	<entry key="deskReviewHistory#amendmentReviewHistoryDetails" >
				<![CDATA[				
					select * from (
					select distinct
						row_number() over (order by drh.CREATED_DATE desc) as row_num,
						count(*) over() as totalCount,
						users.email as actionedBy,
						DRH.CREATED_DATE as actionedDate,
						DRH.IS_REVIEWED as isReviewed
					from 
						RFA_AMENDMENT_DESK_REVIEW_HISTORY drh
						inner join RFA_LU_DESK_REVIEW_DETAILS drd on drd.id=drh.DESK_REVIEW_DETAILS_ID and drd.deleted=0
						inner join MC_USERS users on (users.uid=drh.created_by)
					where 
						drh.amendment_id=:amendmentId and drd.code=:deskCode
					)
					AS result
					where row_num <=:pageSize
				]]>
	</entry>
	
	<entry key="deskReviewHistory#escalatedHistoryDetail">
				<![CDATA[
				select * from (
					select row_number() over (order by audit.CREATED_DATE desc) as row_num,
					count(*) over() as totalCount,
					audit.id as id,
					users.email as actionedBy,
					audit.created_date as actionedDate,
					audit.is_reviewed as isReviewed
					from RFA_PARTYB_DESK_REVIEW_HISTORY audit 
					inner join RFA_LU_DESK_REVIEW_DETAILS lu on (lu.id=audit.DESK_REVIEW_DETAILS_ID)
					inner join MC_USERS users on (users.uid=audit.created_by)
					where audit.partyB_ID=:partyBId and audit.deleted=0
					and lu.code=:deskCode and lu.deleted=0
					and audit.is_reviewed=1
				)
				AS result
				where row_num =1
				
				]]>
	</entry>

	<entry key="deskReviewHistory#escalatedToUsers">
				<![CDATA[
				select
					users.email as username
					from RFA_PARTYB_DESK_REVIEW_HISTORY history
					inner join RFA_PARTYB_ESCALATED_TO_USERS escl on (history.id=escl.DESK_REVIEW_HISTORY_ID)
					inner join MC_USERS users on (users.uid=escl.USER_ID)
					where history.id=:historyId and escl.deleted=0 and history.deleted=0
				]]>
	</entry>
		
		
	<entry key="deskReviewHistory#insertEscalatedToUsers">
				<![CDATA[
				insert into RFA_PARTYB_ESCALATED_TO_USERS
				select :deskReviewHistoryId as DESK_REVIEW_HISTORY_ID,u.uid as USER_ID, 0 as DELETED
				from MC_USERS u
				where u.uid in (:userIds) and u.deleted=0
				]]>
	</entry>	
		
</properties>