<?xml version="1.0" encoding="UTF-8"?>
<!DOCTYPE properties SYSTEM "http://java.sun.com/dtd/properties.dtd">
<properties>
	<!-- QUERIES FOR SENDING EMAIL THROUGH O360 MAIL SERVER  -->
    
   <entry key="EmailRepository#saveEmailMaster">
		 <![CDATA[
		INSERT
		INTO O360.O360_EMAIL_MASTER
		  (
		    MAIL_ID,
		    SENDER_MAIL_ID,
		    RECIEVER_MAIL_ID,
		    REPLY_TO_EMAIL_ID,
		    CC_MAIL_ID,
		    BCC_MAIL_ID,
		    TEMPLATE_ID,
		    SUBJECT,
		    STATUS,
		    RETRIES,
		    CREATED_ON,
		    SOURCE_APPLICATION
		  )
  		VALUES
		  (
		    O360.SEQ_o360_EMAIL_MASTER.NEXTVAL,
		    :fromEmailId,
		    :toEmailId,
		    :replyToEmailId,
		    :ccEmailId,
		    :bccEmailId,
		    :templateId,
		    :subject,
		    :status,
		    :retries,
		    systimestamp,
		    :applicationSource
		  )
			]]>
	</entry>
    
   	<entry key="EmailRepository#saveEmailArguments">
		 <![CDATA[
		INSERT INTO O360.O360_EMAIL_TEMPLATE_ARGS ( MAIL_ID, MAP_KEY, MAP_VALUE, TYPE, MAP_VALUE_CLASS)
  			VALUES (?,?,?,?,?)
			]]>
	</entry>
    
    
    <entry key="EmailRepository#getTemplateDetails">
		 <![CDATA[
		SELECT TEMPLATE_ID, 
		TEMPLATE_SUBJECT, 
		REPLY_TO_EMAIL_ID 
		FROM O360.O360_EMAIL_TEMPLATES et
		JOIN O360.REF_EMAIL_TEMPLATE_TYPE ett ON et.TEMPLATE_TYPE_ID=ett.TEMPLATE_TYPE_ID
		JOIN O360.EMAIL_TEMPLATE_GROUP etg ON etg.GROUP_ID=et.GROUP_ID
		where ett.TEMPLATE_TYPE_CODE=:templateType AND et.OFF_PLATFORM_CODE=:platformCode 
		AND etg.GROUP_NAME=:groupName
			]]>
	</entry>
    
    <entry key="EmailRepository#getTemplate">
		 <![CDATA[
		SELECT TEMPLATE 
		FROM O360.O360_EMAIL_TEMPLATES et
		JOIN O360.REF_EMAIL_TEMPLATE_TYPE ett ON et.TEMPLATE_TYPE_ID=ett.TEMPLATE_TYPE_ID
		JOIN O360.EMAIL_TEMPLATE_GROUP etg ON etg.GROUP_ID=et.GROUP_ID
		where ett.TEMPLATE_TYPE_CODE=:templateType AND et.OFF_PLATFORM_CODE=:platformCode 
		AND etg.GROUP_NAME=:groupName
			]]>
	</entry>

    <entry key="EmailRepository#getTemplateById">
		 <![CDATA[
		SELECT TEMPLATE 
		FROM O360.O360_EMAIL_TEMPLATES et
		where TEMPLATE_ID = :id
			]]>
	</entry>

	<entry key="EmailRepository#updateStatusEmailMaster">
		 <![CDATA[
		UPDATE O360.O360_EMAIL_MASTER
		SET STATUS = :status, RETRIES = :retries
		WHERE MAIL_ID = :mailId
		
			]]>
	</entry>

	<entry key="EmailRepository#getEmail">
		 <![CDATA[
		SELECT MAIL_ID,
  			SENDER_MAIL_ID,RECIEVER_MAIL_ID,REPLY_TO_EMAIL_ID,TEMPLATE_ID,SUBJECT,
 			CC_MAIL_ID,BCC_MAIL_ID,STATUS,RETRIES 
 		FROM O360.O360_EMAIL_MASTER 
 		WHERE MAIL_ID in (:mailId)
			]]>
	</entry>

	<entry key="EmailRepository#getTemplateArgs">
		 <![CDATA[
		SELECT MAIL_ID, MAP_KEY, MAP_VALUE,TYPE, MAP_VALUE_CLASS 
		FROM O360.O360_EMAIL_TEMPLATE_ARGS
		WHERE MAIL_ID=:mail_id and TYPE='T'
			]]>
	</entry>

</properties>