<?xml version="1.0" encoding="UTF-8"?>
<beans xmlns="http://www.springframework.org/schema/beans"
	xmlns:xsi="http://www.w3.org/2001/XMLSchema-instance" xmlns:util="http://www.springframework.org/schema/util"
	xmlns:context="http://www.springframework.org/schema/context"
	xmlns:mvc="http://www.springframework.org/schema/mvc" xmlns:security="http://www.springframework.org/schema/security"
	xsi:schemaLocation="
        http://www.springframework.org/schema/beans
        http://www.springframework.org/schema/beans/spring-beans-4.0.xsd
        http://www.springframework.org/schema/util
        http://www.springframework.org/schema/util/spring-util-4.0.xsd
        http://www.springframework.org/schema/context
        http://www.springframework.org/schema/context/spring-context-4.0.xsd
        http://www.springframework.org/schema/mvc
        http://www.springframework.org/schema/mvc/spring-mvc-4.0.xsd">

	<bean id="queryService" class="com.markit.kyc.commons.service.query.impl.GridQueryService" abstract="true">
		<property name="jdbcTemplate" ref="jdbcTemplate" />
	</bean>
	<bean id="selectExhibitIdFromAmendment" class="com.markit.kyc.commons.service.query.impl.PrimitiveQueryService">
		<property name="jdbcTemplate" ref="jdbcTemplate" />
		<property name="clazz" value="java.lang.Long" />
		<property name="query">
			<value>
				<![CDATA[
				select exhibit.ID
 				from RFA_EXHIBIT exhibit
 				join RFA_AMENDMENT amendment on amendment.ID = exhibit.AMENDMENT_ID
 				WHERE amendment.ID = :amendmentId and amendment.IGNORE_EXHIBIT = 0
				]]>
			</value>
		</property>
	</bean>	
	
	<bean id="selectExhibitTextContent" class="com.markit.kyc.commons.service.query.impl.PrimitiveQueryService">
		<property name="jdbcTemplate" ref="jdbcTemplate" />
		<property name="clazz" value="byte[]" />
		<property name="query">
			<value>
				<![CDATA[
					select 
					TEXT_CONTENT
					from RFA_EXHIBIT 
					WHERE ID = :exhibitId
				]]>
			</value>
		</property>
	</bean>	
	<bean id="selectExhibitHTMLContent" class="com.markit.kyc.commons.service.query.impl.PrimitiveQueryService">
		<property name="jdbcTemplate" ref="jdbcTemplate" />
		<property name="clazz" value="byte[]" />
		<property name="query">
			<value>
				<![CDATA[
					select 
					HTML_CONTENT
					from RFA_EXHIBIT 
					WHERE ID = :exhibitId
				]]>
			</value>
		</property>
	</bean>	
	<bean id="selectExhibitComment" class="com.markit.kyc.commons.service.query.impl.PrimitiveQueryService">
		<property name="jdbcTemplate" ref="jdbcTemplate" />
		<property name="clazz" value="byte[]" />
		<property name="query">
			<value>
				<![CDATA[
					select 
					comment
					from RFA_EXHIBIT 
					WHERE amendment_id = :amendmentId
				]]>
			</value>
		</property>
	</bean>	
	<bean id="selectExhibitAgreed" class="com.markit.kyc.commons.service.query.impl.PrimitiveQueryService">
		<property name="jdbcTemplate" ref="jdbcTemplate" />
		<property name="clazz" value="int" />
		<property name="query">
			<value>
				<![CDATA[
					select 
					agreed
					from RFA_EXHIBIT 
					WHERE amendment_id = :amendmentId
				]]>
			</value>
		</property>
	</bean>	
		
		<bean id="selectExhibitRows" class="com.markit.kyc.commons.service.query.impl.CacheQueryService">
		<constructor-arg index="1"><value>${cache.duration.none}</value></constructor-arg>
		<constructor-arg index="0">
			<bean parent="queryService">
				<property name="query">
					<value>
					<![CDATA[	
						CREATE TABLE #bs_signed_data (partyb_id NUMERIC(15,0));
						INSERT INTO #bs_signed_data
							SELECT DISTINCT partyb_id
							from rfa_exhibit re
							inner join rfa_amendment rfa ON rfa.id = re.amendment_id
							inner join rfa_partyb_entities rpe ON rpe.amendment_id = rfa.id AND rpe.deleted = 0
							inner join rfa_partyb_signed_data rpsd ON rpsd.partyb_id = rpe.id AND rpsd.deleted = 0
							where re.id = :exhibitId;
							
						declare @temp_exhibit ExhibitTableType
							declare @quoted_column_names as nvarchar(max)
							declare @exhibit_id as nvarchar(max)		
							set @exhibit_id = '' + :exhibitId + '';
							
							select @quoted_column_names = ISNULL(@quoted_column_names + ',','') 
							        + dbo.quotestring(id) from
							(
							select 
							exhibit_col.id,
							exhibit_col.column_name as NAME,
							exhibit_col.column_index as column_index
							from 
							RFA_EXHIBIT_COL exhibit_col WITH (NOLOCK)
							join RFA_EXHIBIT exhibit WITH (NOLOCK) on exhibit_col.exhibit_id = exhibit.id
							and exhibit.ID =@exhibit_id 
							where column_name not in (
							'Party B True Legal Name',
							'Party B Client Identifier',
							'Pre-LEI/LEI'
							)
							and exhibit_col.DELETED = 0
							) t
							order by COLUMN_INDEX

							 if(@quoted_column_names is not null) 					
								begin 					
								insert into @temp_exhibit 
								SELECT
								v_rfa.COLUMN_ID,
								v_rfa.CONTROL_COLUMN_VALUE,
								v_rfa.HEADER_TEXT,
								v_rfa.PARTYB_ID,
								case when rpe.is_sleeve = 0 then rpe.ENTITY_ID 
									else entity.parent_entity 
								end as PARENT_ENTITY_ID,
								"Party B True Legal Name",
								"Party B Client Identifier",
								CASE
									WHEN sd.partyb_id IS NOT NULL THEN v_rfa."Party B Pre-LEI/LEI"
									WHEN rpe.is_added = 0 OR rpe.added_for_modification = 1 THEN v_rfa."Party B Pre-LEI/LEI"
									WHEN rpe.is_sleeve = 0 AND (entity.parent_entity IS NOT NULL AND entity.parent_entity != 0) THEN
									CASE
										WHEN rpfnc.partyb_id IS NOT NULL AND rpfnc.old_lei != rpfnc.current_lei THEN rpfnc.current_lei
										ELSE parent_entity.lei_name
									END
									ELSE v_rfa."Party B Pre-LEI/LEI"
								END as "Party B Pre-LEI/LEI",
								v_rfa.Action,
								v_rfa.NAME,
								v_rfa.VALUE,
								v_rfa.EXHIBIT_ID,
								v_rfa."IS_SLEEVE",
								v_rfa."Sleeve Client Identifier",
								v_rfa."Sleeve True Legal Name",
								v_rfa."EXHIBIT_ROWSPAN"
								from V_RFA_EXHIBIT_TABLE v_rfa WITH (NOLOCK)
								inner join rfa_partyb_entities rpe on rpe.id = v_rfa.partyb_id
								left outer join mc_entities entity ON entity.entityid = rpe.entity_id
								left outer join mc_entities parent_entity on parent_entity.entityid = entity.parent_entity
								left outer join rfa_partyb_fund_name_change rpfnc ON rpfnc.partyb_id = rpe.id
								left outer join #bs_signed_data sd on sd.partyb_id = rpe.id
								WHERE exhibit_id = @exhibit_id
								<if(allowedStatus)>
						           and  v_rfa.ack_status in (:allowedStatus)
						    	<endif>
								<if(strip(NotAllowedStatusList))>
						           and ( v_rfa.ack_status not in (<NotAllowedStatusList : {NotAllowedStatus | :<NotAllowedStatus>}; separator=",">)
										 or  v_rfa.ack_status is null)
						    	<endif>
						    	
								merge @temp_exhibit tex 
								using (
								select distinct pb_details.id as partyb_id, pec.column_name as exhibit_col_name, parent_exhibit_data.value as pvalue 
								from @temp_exhibit te
								inner join rfa_partyb_entities pb_details on pb_details.id=te.partyb_id and pb_details.deleted=0
								inner join rfa_partyb_entities parent_partyb_entity on parent_partyb_entity.id=pb_details.Parent_PartyB_Id and parent_partyb_entity.deleted=0
								inner join rfa_amendment a on a.id=parent_partyb_entity.amendment_id and a.is_placeholder=1 and a.deleted=0
								inner join rfa_exhibit pe on pe.amendment_id=parent_partyb_entity.amendment_id and pe.deleted=0 and pe.amendment_id=a.id
								inner join rfa_exhibit_col pec on pec.exhibit_id=pe.id and pec.deleted=0
								inner join RFA_EXHIBIT_COL_DATA parent_exhibit_data on parent_exhibit_data.exhibit_col_id = pec.id and parent_partyb_entity.entity_id = parent_exhibit_data.PARTYB_ENTITY_ID and parent_exhibit_data.deleted=0
								where te.is_sleeve=1 and te.value is null
								) parent_values
								on tex.PARTYB_ID=parent_values.partyb_id and tex.NAME=parent_values.exhibit_col_name
								when matched then
								update set tex.value=parent_values.pvalue;
						
								end
							ELSE
						        insert into @temp_exhibit
			                                SELECT 
			                                null as COLUMN_ID,
			                                null as CONTROL_COLUMN_VALUE,
			                                null as HEADER_TEXT,
			                                pb_details.PARTYB_ID PARTYB_ID,
			                                case when rpe.is_sleeve = 0 then pb_details.PARTYB_ENTITY_ID 
												else entity.parent_entity
											end as PARENT_ENTITY_ID,
			                                pb_details.TRUE_LEGAL_NAME as "Party B True Legal Name",
			                                pb_details.CLIENT_IDENTIFIER as "Party B Client Identifier",
			                                CASE
			                                	WHEN sd.partyb_id IS NOT NULL THEN pb_details.LEI
												WHEN rpe.is_sleeve = 0 AND (entity.parent_entity IS NOT NULL AND entity.parent_entity != 0) THEN
												CASE
													WHEN fund_name_change.partyb_id IS NOT NULL AND fund_name_change.old_lei != fund_name_change.current_lei 
														THEN fund_name_change.current_lei
													ELSE parent_entity.lei_name
												END
												ELSE pb_details.LEI
											END as "Party B Pre-LEI/LEI",
			                                CASE 
			                                WHEN pb_details.IS_ADDED = 1 and (pb_details.Added_for_modification =0 or pb_details.Added_for_modification is null)THEN
			                                'Addition'
			                                WHEN pb_details.Added_for_modification = 1 THEN
			                                'Exhibit Value Change'
			                                ELSE '' END as   Action,
			                                null as  NAME,
			                                null as  VALUE,
			                                exhibit.id as exhibit_id,
			                                pb_details.IS_SLEEVE as "IS_SLEEVE",
											pb_details.Sleeve_Client_Identifier as "Sleeve Client Identifier",
											pb_details.sleeve_true_legal_name as "Sleeve True Legal Name",
											pb_details.EXHIBIT_ROWSPAN
			                                from V_RFA_PARTYB_DETAILS pb_details WITH (NOLOCK)
			                                inner join RFA_EXHIBIT exhibit WITH (NOLOCK) on exhibit.AMENDMENT_ID = pb_details.AMENDMENT_ID
			                                inner join rfa_partyb_entities rpe on rpe.id = pb_details.partyb_id
											left outer join mc_entities entity ON entity.entityid = rpe.entity_id
											left outer join mc_entities parent_entity on parent_entity.entityid = entity.parent_entity
			                                left outer join rfa_lu_ack_status ack  WITH (NOLOCK) ON ack.id = pb_details.ack_status
			                                left outer join RFA_PARTYB_FUND_NAME_CHANGE fund_name_change WITH (NOLOCK) on fund_name_change.PARTYB_ID = pb_details.PARTYB_ID
			                                left outer join #bs_signed_data sd on sd.partyb_id = rpe.id
                                                WHERE exhibit.id = :exhibitId
                                                and pb_details.DELETED =0
                                                and pb_details.IS_ADDED =1
                                                and fund_name_change.PARTYB_ID is null
                                                <if(allowedStatus)>
                                             and  ack.name in (:allowedStatus)
                                         <endif>
                                                <if(strip(NotAllowedStatusList))>
                                             and ( ack.name not in (<NotAllowedStatusList : {NotAllowedStatus | :<NotAllowedStatus>}; separator=",">)
                                                              or  ack.name is null)
                                         <endif>
						
					
								
								declare @query nvarchar(max)
					 			if(@quoted_column_names is not null) 	
								set @query = N'
								select * from (
								select COLUMN_ID, 
										CONTROL_COLUMN_VALUE ,
										HEADER_TEXT,
										PARTYB_ID ,
										PARENT_ENTITY_ID,
										[Party B True Legal Name] ,
										[Party B Client Identifier] ,
										[Party B Pre-LEI/LEI] ,
										[Action],
										[VALUE],
										[EXHIBIT_ID] ,
										[IS_SLEEVE],
										[Sleeve Client Identifier] ,
										[Sleeve True Legal Name] ,
										[EXHIBIT_ROWSPAN] 
								from @T
								)as pivot_table
									PIVOT(
									max(VALUE)
									FOR COLUMN_ID in (' + @quoted_column_names +')
									) AS p order by ''Party B True Legal Name'', ''Party B Client Identifier'', ''Sleeve Client Identifier''
								'
								else 
								set @query = N'select * 
								from @T order by ''Party B True Legal Name'', ''Party B Client Identifier'', ''Sleeve Client Identifier'''
					
								exec sp_executesql @query, N'@T ExhibitTableType readonly', @temp_exhibit
					
								DROP TABLE #bs_signed_data
				]]>
					</value>
				</property>
			</bean>
		</constructor-arg>
	</bean>	
	<bean id="selectExhibitColumns" class="com.markit.kyc.commons.service.query.impl.CacheQueryService">
		<constructor-arg index="1"><value>${cache.duration.none}</value></constructor-arg>
		<constructor-arg index="0">
			<bean parent="queryService">
				<property name="query">
					<value>
						<![CDATA[
							declare @totalColumns as numeric
							declare @maxIndex as numeric
							
						set @totalColumns = (select count(distinct(ID)) from RFA_EXHIBIT_COL where EXHIBIT_ID = :exhibitId and COLUMN_NAME not in ('Party B True Legal Name', 'Party B Client Identifier','Pre-LEI/LEI') and deleted =0)
							
						set @maxIndex = (SELECT 	max( mltf.field_order - 1 )
						FROM
							rfa_amendment a
							INNER JOIN rfa_master_agreement ma ON ma.id = a.master_agreement_id
							INNER JOIN rfa_ml_template mlt ON mlt.id = a.ml_template_id
							INNER JOIN rfa_ml_template_field mltf ON mlt.id = mltf.ml_template_id
						WHERE
								a.id = :amendmentId
							AND
								field_order IS NOT NULL
							AND
								mltf.field_identifier IN ('Party B True Legal Name','Party B Client Identifier','Party B Pre-LEI/LEI','Sleeve Client Identifier','Sleeve True Legal Name'))
							
					        
						SELECT
						-1 as COLUMN_ID,
						( mltf.field_order - 1 ) AS "INDEX",
						mltf.field_identifier AS "NAME",
					    0 as IS_CONTROL_COLUMN,
					        CASE mltf.field_visibility
					            WHEN 1   THEN 0
					            WHEN 0   THEN 1
					        END
					    AS HIDDEN,
						mltf.field_label AS LABEL
						FROM
					    rfa_amendment a
					    INNER JOIN rfa_master_agreement ma ON ma.id = a.master_agreement_id
					    INNER JOIN rfa_ml_template mlt ON mlt.id = a.ml_template_id
					    INNER JOIN rfa_ml_template_field mltf ON mlt.id = mltf.ml_template_id
						WHERE
					        a.id = :amendmentId
					    AND
					        field_order IS NOT NULL
					    AND
					        mltf.field_identifier IN ('Party B True Legal Name','Party B Client Identifier','Party B Pre-LEI/LEI','Sleeve Client Identifier','Sleeve True Legal Name')
						UNION
						select 
							-1 as COLUMN_ID,
							 @maxIndex + 1  as "INDEX",
							'Action' as NAME,
							0 as IS_CONTROL_COLUMN,
							0 as HIDDEN,
							'Action' as LABEL
						UNION
						select 
							ID  as COLUMN_ID,
							DENSE_RANK() OVER (ORDER BY COLUMN_INDEX ASC)+@maxIndex + 1 as "INDEX",
							--COLUMN_NAME as NAME,
							CONVERT(varchar,ID) as NAME,
							IS_CONTROL_COLUMN as IS_CONTROL_COLUMN,
							0 as HIDDEN,
							COLUMN_NAME as LABEL
						from 
						RFA_EXHIBIT_COL where EXHIBIT_ID = :exhibitId
						and COLUMN_NAME not in ('Party B True Legal Name', 'Party B Client Identifier','Pre-LEI/LEI') and deleted =0
						UNION
						select 
							-1 as COLUMN_ID,
							@maxIndex + @totalColumns + 2  as "INDEX",
							'CONTROL_COLUMN_VALUE' as NAME,
							0 as IS_CONTROL_COLUMN,
							1 as HIDDEN,
							'CONTROL_COLUMN_VALUE' as LABEL
						UNION 
						select 
							-1 as COLUMN_ID,
							@maxIndex + @totalColumns + 3 as "INDEX",
							'HEADER_TEXT' as NAME,
							0 as IS_CONTROL_COLUMN,
							1 as HIDDEN,
							'HEADER_TEXT' as LABEL
						UNION
						select 
							-1 as COLUMN_ID,
							@maxIndex + @totalColumns + 4 as "INDEX",
							'PARTYB_ID' as NAME,
							0 as IS_CONTROL_COLUMN,
							1 as HIDDEN,
							'PARTYB_ID' as LABEL
						
						]]>
					</value>
				</property>
			</bean>
		</constructor-arg>
	</bean>	
</beans>