<?xml version="1.0" encoding="UTF-8"?>
<beans xmlns="http://www.springframework.org/schema/beans"
  xmlns:context="http://www.springframework.org/schema/context"
	xmlns:xsi="http://www.w3.org/2001/XMLSchema-instance"
	xmlns:jpa="http://www.springframework.org/schema/data/jpa"
	xsi:schemaLocation="
	  http://www.springframework.org/schema/beans 
	  http://www.springframework.org/schema/beans/spring-beans.xsd">

  <!-- Define Prototype copy of the ProxiedRepositoryImpl -->
  <bean id="proxiedRepositoryImpl" class="com.markit.mc.repository.ProxiedRepositoryImpl" scope="prototype">
    <property name="dataSource" ref="fileUtilDataSource" />
  </bean>

  <!-- Database -->
<!--
  <bean id="dataSource" class="org.springframework.jdbc.datasource.DriverManagerDataSource">
    <property name="driverClassName" value="com.microsoft.sqlserver.jdbc.SQLServerDriver" /> 
    <property name="url" value="jdbc:sqlserver://10.72.54.150:1433;DatabaseName=MCSTAGEDB3" /> 
    <property name="username" value="mdeapp" /> 
    <property name="password" value="mcpmapp" />
  </bean>
 --> 
 
	<!--  <bean id="fileUtilDataSource" class="org.springframework.jndi.JndiObjectFactoryBean">
    	<property name="jndiName" value="java:comp/env/jdbc/SybaseDB"/>
	</bean> -->
	
	<bean id="fileUtilDataSource" class="org.apache.commons.dbcp2.BasicDataSource">
		<property name="driverClassName" value="${mcpmdb.driverClass}" />
		<property name="url" value="${mcpmdb.url}" />
		<property name="username" value="${mcpmdb.user}" />
		<property name="password" value="${mcpmdb.enc.password}" />
		<property name="connectionProperties" value="defaultNChar=true" />
		<property name="initialSize" value="${mcpmdb.initial.pool.size}" />
		<property name="validationQuery" value="SELECT 1" />
		<property name="validationQueryTimeout" value="120"/>
		<property name="poolPreparedStatements" value="true" />
		<property name="minIdle" value="${mcpmdb.min.idle}" />
		<property name="maxIdle" value="${mcpmdb.max.idle}" />
		<property name="maxTotal" value="${mcpmdb.max.total}" />
		<property name="testOnBorrow" value="true" />
		<property name="testWhileIdle" value="true" />		
		<property name="logAbandoned" value="true" />
		<property name="timeBetweenEvictionRunsMillis" value="60000" />
		<property name="softMinEvictableIdleTimeMillis" value="900000" />
		<property name="numTestsPerEvictionRun" value="5" />
	</bean>	
</beans>
