<?xml version="1.0" encoding="UTF-8"?>
<beans xmlns="http://www.springframework.org/schema/beans"
	xmlns:xsi="http://www.w3.org/2001/XMLSchema-instance" xmlns:util="http://www.springframework.org/schema/util"
	xmlns:context="http://www.springframework.org/schema/context"
	xmlns:mvc="http://www.springframework.org/schema/mvc" xmlns:security="http://www.springframework.org/schema/security"
	xsi:schemaLocation="
        http://www.springframework.org/schema/beans
        http://www.springframework.org/schema/beans/spring-beans-4.0.xsd
        http://www.springframework.org/schema/util
        http://www.springframework.org/schema/util/spring-util-4.0.xsd
        http://www.springframework.org/schema/context
        http://www.springframework.org/schema/context/spring-context-4.0.xsd
        http://www.springframework.org/schema/mvc
        http://www.springframework.org/schema/mvc/spring-mvc-4.0.xsd
        http://www.springframework.org/schema/security
        http://www.springframework.org/schema/security/spring-security-3.2.xsd">

	
	

	<bean id="environmentVariablesConfiguration"
		class="org.jasypt.encryption.pbe.config.EnvironmentStringPBEConfig">
		<property name="algorithm" value="PBEWithMD5AndDES" />
		<property name="passwordEnvName" value="APP_ENCRYPTION_PASSWORD" />
	</bean>

	<bean id="configurationEncryptor" class="org.jasypt.encryption.pbe.StandardPBEStringEncryptor">
		<property name="config" ref="environmentVariablesConfiguration" />
	</bean>

	<bean id="propertyConfigurer"
		class="org.jasypt.spring31.properties.EncryptablePropertyPlaceholderConfigurer">
		<constructor-arg ref="configurationEncryptor" />
		<property name="locations">
			<list>
				<value>classpath:markit/ms/common/db.properties</value>
				<value>classpath:markit/ms/common/application.properties</value>
				<value>classpath:markit/ms/common/external_mcpm_api.properties</value>
				<value>classpath:markit/ms/common/rs-rest-security.properties</value>
				<value>classpath:markit/ms/common/security.properties</value>
				<value>classpath:markit/ms/webapp-rfa/application.properties</value>
				<value>classpath:markit/ms/webapp-rfa/db.properties</value>
				<value>classpath:markit/ms/webapp-rfa/security.properties</value>
				<value>classpath:swagger.properties</value>
				<value>classpath:common.properties</value>
				<value>classpath:velocity.properties</value>
			</list>
		</property>
		<property name="ignoreUnresolvablePlaceholders" value="true" />
		<property name="order" value="1" />
	</bean>
	
	<!--  its an existing one. set order as 1 so that encrypted property reader can override any encrypted property -->
	<!-- <context:property-placeholder location="classpath:*.properties" ignore-unresolvable="true" 
		order="0"/> -->

	<bean id="dataSource" class="org.apache.commons.dbcp2.BasicDataSource">
		<property name="driverClassName" value="${mcpmdb.driverClass}" />
		<property name="url" value="${mcpmdb.url}" />
		<property name="username" value="${mcpmdb.user}" />
		<property name="password" value="${mcpmdb.enc.password}" />
		<property name="connectionProperties" value="defaultNChar=true" />
		<property name="initialSize" value="${mcpmdb.initial.pool.size}" />
		<property name="validationQuery" value="SELECT 1" />
		<property name="validationQueryTimeout" value="120" />
		<property name="poolPreparedStatements" value="true" />
		<property name="minIdle" value="${mcpmdb.min.idle}" />
		<property name="maxIdle" value="${mcpmdb.max.idle}" />
		<property name="maxTotal" value="${mcpmdb.max.total}" />
		<property name="testOnBorrow" value="true" />
		<property name="testWhileIdle" value="true" />
		<property name="logAbandoned" value="true" />
		<property name="timeBetweenEvictionRunsMillis" value="60000" />
		<property name="softMinEvictableIdleTimeMillis" value="900000" />
		<property name="numTestsPerEvictionRun" value="5" />
	</bean>

	<bean id="jdbcTemplate" class="com.markit.kyc.commons.repository.core.StJdbcTemplate"
		scope="prototype">
		<constructor-arg ref="dataSource" />
	</bean>

	<bean id="namedParameterJdbcTemplate"
		class="org.springframework.jdbc.core.namedparam.NamedParameterJdbcTemplate"
		scope="prototype">
		<constructor-arg ref="dataSource" />
	</bean>


	<bean id="dataSource_o360" class="org.apache.commons.dbcp2.BasicDataSource">
		<property name="driverClassName" value="${o360.driverClass}" />
		<property name="url" value="${o360.url}" />
		<property name="username" value="${o360.user}" />
		<property name="password" value="${o360.password}" />
		<property name="connectionProperties" value="defaultNChar=true" />
		<property name="initialSize" value="${mcpmdb.initial.pool.size}" />
		<property name="validationQuery" value="SELECT 1 FROM DUAL" />
		<property name="validationQueryTimeout" value="120"/>
		<property name="poolPreparedStatements" value="true" />
		<property name="minIdle" value="${mcpmdb.min.idle}" />
		<property name="maxIdle" value="${mcpmdb.max.idle}" />
		<property name="maxTotal" value="${mcpmdb.max.total}" />
		<property name="testOnBorrow" value="true" />
		<property name="testWhileIdle" value="true" />		
		<property name="logAbandoned" value="true" />
		<property name="timeBetweenEvictionRunsMillis" value="60000" />
		<property name="softMinEvictableIdleTimeMillis" value="900000" />
		<property name="numTestsPerEvictionRun" value="5" />
	</bean>

	<bean id ="jdbcTemplate_o360" class="org.springframework.jdbc.core.JdbcTemplate" scope="prototype">
		<constructor-arg ref="dataSource_o360"/>
	</bean>

	<bean id ="namedParameterJdbcTemplate_o360" class="org.springframework.jdbc.core.namedparam.NamedParameterJdbcTemplate" scope="prototype">
		<constructor-arg ref="dataSource_o360"/>
	</bean>

</beans>
