<?xml version="1.0" encoding="UTF-8"?>
<beans xmlns="http://www.springframework.org/schema/beans"
	xmlns:xsi="http://www.w3.org/2001/XMLSchema-instance" xmlns:util="http://www.springframework.org/schema/util"
	xmlns:context="http://www.springframework.org/schema/context"
	xmlns:mvc="http://www.springframework.org/schema/mvc" xmlns:security="http://www.springframework.org/schema/security"
	xsi:schemaLocation="
        http://www.springframework.org/schema/beans
        http://www.springframework.org/schema/beans/spring-beans-4.0.xsd
        http://www.springframework.org/schema/util
        http://www.springframework.org/schema/util/spring-util-4.0.xsd
        http://www.springframework.org/schema/context
        http://www.springframework.org/schema/context/spring-context-4.0.xsd
        http://www.springframework.org/schema/mvc
        http://www.springframework.org/schema/mvc/spring-mvc-4.0.xsd">

		<bean id="getAmendmentStatusOfModifiedEntitiesNotYetResponded" class="com.markit.kyc.commons.service.query.impl.RowMapperQueryService">
			<property name="jdbcTemplate" ref="jdbcTemplate" />
			<property name="rowMapper">
				<bean class="com.markit.ms.rfa.dao.rowmapper.AmendmentStatusObjectRowMapper"/>
			</property>
			<property name="query">
				<value>
					<![CDATA[				
							select distinct top 2 p.id
							, ast_bs.name as amendment_status
							, request_type = 
								case when fnc.rfa_partyb_fund_name_change_id is not null then 'Modification - Fund Name Change'
									 when evc.rfa_partyb_exhibit_value_change_id is not null then 'Modification - Exhibit Value Change'
								end
							from rfa_master_agreement ma
							inner join rfa_amendment a on (ma.id = a.master_agreement_id and a.deleted = 0)
							inner join rfa_partyb_entities p on (p.amendment_id = a.id and p.deleted = 0)
							inner join mc_entities e on (e.entityid = p.entity_id and e.deleted = 0)
							inner join rfa_lu_amendment_status ast_bs on (ast_bs.id = a.bs_status_id and ast_bs.deleted = 0)
							left outer join rfa_lu_ack_status ackStatus ON (ackStatus.id = p.ack_status or p.ack_status is null)
							left outer join rfa_partyb_fund_name_change fnc on (p.ID = fnc.PARTYB_ID and fnc.deleted=0)
							left outer join rfa_partyb_exhibit_value_change evc on (p.ID = evc.PARTYB_ID and evc.deleted=0)
							where ma.deleted = 0 
							<if(masterAgreementId)>
								and ma.id = :masterAgreementId  
							<endif>
							<if(entityId)>
								and p.entity_id = :entityId  
							<endif>
							and (
								(fnc.rfa_partyb_fund_name_change_id is not null)
								OR
								(evc.rfa_partyb_exhibit_value_change_id is not null)
								OR
								(fnc.rfa_partyb_fund_name_change_id is null and evc.rfa_partyb_exhibit_value_change_id is null)
							)
							<if(amendmentId)>
									 and p.AMENDMENT_ID != :amendmentId
							<endif>	
							order by p.ID desc
					]]>
				</value>
			</property>
		</bean>
		
		<bean id="getAmendmentStatusOfFncEntitiesNotYetResponded" class="com.markit.kyc.commons.service.query.impl.PrimitiveQueryService">
			<property name="jdbcTemplate" ref="jdbcTemplate" />
			<property name="clazz" value="java.lang.String" />
			<property name="query">
				<value>
					<![CDATA[				
						select top 1 s.name from RFA_PARTYB_ENTITIES p
						inner join RFA_AMENDMENT a on (a.ID = p.AMENDMENT_ID and a.DELETED = 0)
						inner join rfa_partyb_fund_name_change fnc on (fnc.PARTYB_ID = p.ID and fnc.deleted=0)
						left join rfa_lu_amendment_status s ON (s.id = a.bs_status_id AND s.deleted = 0)
						left join rfa_lu_ack_status ackStatus ON (ackStatus.id = p.ack_status)
						where p.DELETED = 0 
						and (ackStatus.NAME is null OR ackStatus.NAME not in ('Accepted Sent', 'Rejected Sent', 'Withdrawn'))
						<if(masterAgreementId)>
							and p.master_agreement_id = :masterAgreementId  
						<endif>
						<if(entityId)>
							and p.entity_id = :entityId  
						<endif> 
						<if(amendmentId)>
								 and p.AMENDMENT_ID != :amendmentId
						<endif>	
						order by p.ID desc
					]]>
				</value>
			</property>
		</bean>

		<bean id="getAmendmentStatusOfEvcEntitiesNotYetResponded" class="com.markit.kyc.commons.service.query.impl.PrimitiveQueryService">
			<property name="jdbcTemplate" ref="jdbcTemplate" />
			<property name="clazz" value="java.lang.String" />
			<property name="query">
				<value>
					<![CDATA[				
						select top 1 s.name from RFA_PARTYB_ENTITIES p
						inner join RFA_AMENDMENT a on (a.ID = p.AMENDMENT_ID and a.DELETED = 0)
						inner join rfa_partyb_exhibit_value_change evc on (evc.PARTYB_ID= p.ID and evc.deleted=0)
						left join rfa_lu_amendment_status s ON (s.id = a.bs_status_id AND s.deleted = 0)
						left join rfa_lu_ack_status ackStatus ON (ackStatus.id = p.ack_status)
						where p.DELETED = 0 
						and (ackStatus.NAME is null OR ackStatus.NAME not in ('Accepted Sent', 'Rejected Sent', 'Withdrawn'))
						<if(masterAgreementId)>
							and p.master_agreement_id = :masterAgreementId  
						<endif>
						<if(entityId)>
							and p.entity_id = :entityId  
						<endif> 
						<if(amendmentId)>
								 and p.AMENDMENT_ID != :amendmentId
						<endif>	
						order by p.ID desc
					]]>
				</value>
			</property>
		</bean>		
		
		<bean id="getExistingPartyBListForValidation" class="com.markit.kyc.commons.service.query.impl.CollectionQueryService">
			<property name="jdbcTemplate" ref="jdbcTemplate" />
			<property name="rowMapper">
				<bean class="com.markit.ms.rfa.dao.rowmapper.PartyBEntityRowMapper"/>
			</property>
			<property name="query">
				<value>
					<![CDATA[				
						declare @temp table (id numeric(15), entityid numeric(15))
						insert into @temp
						select max(p.id), p.entity_id from rfa_master_agreement ma
						inner join rfa_amendment a on (ma.id = a.master_agreement_id and a.deleted = 0)
						inner join rfa_partyb_entities p on (p.amendment_id = a.id and p.deleted = 0)
						inner join mc_entities e on (e.entityid = p.entity_id and e.deleted = 0)
						left outer join rfa_lu_amendment_status ast_ss on (ast_ss.id = a.ss_status_id and ast_ss.deleted = 0)
						left outer join rfa_lu_ack_status ackStatus ON (ackStatus.id = p.ack_status)
						left outer join rfa_masterlist m on (m.deleted = 0 and m.column_name = 'Party B Account True Legal Name' and m.master_agreement_id = p.master_agreement_id and m.entity_id = p.entity_id and m.master_agreement_id = :masterAgreementId) 
						<if(fncCallingSource)>
							left outer join rfa_partyb_fund_name_change fnc on (p.ID = fnc.PARTYB_ID and fnc.deleted=0)
							and fnc.rfa_partyb_fund_name_change_id is not null
						<endif>
						<if(evcCallingSource)>
							left outer join rfa_partyb_exhibit_value_change evc on (p.ID = evc.PARTYB_ID and evc.deleted=0)
							and evc.rfa_partyb_exhibit_value_change_id is not null
						<endif>
						where ma.deleted=0
						<if(masterAgreementId)>
							and ma.id = :masterAgreementId  
						<endif>
						<if(partyBEntityIds)>
								 and p.entity_id in 
								 (<partyBEntityIds: { partyBId | <partyBId> };separator=",">)
						<endif>
						<if(evcCallingSource)>
							and p.EXHIBIT_VALUE_CHANGE_COMMENT is null
						<endif>					
						group by p.entity_id
						
						select distinct p.id, p.entity_id, p.is_added, p.added_for_modification, p.amendment_id, p.master_agreement_id, p.is_sleeve, e.legal_name as name
							, e.legal_name, e.moniker_name, e.lei_name, m.column_value as masterlist_true_legal_name, ackStatus.name as ack_status, p.reason
							, fnc.rfa_partyb_fund_name_change_id, evc.rfa_partyb_exhibit_value_change_id, ast_bs.name as amendment_status 
							, isnull(parent_values.true_legal_name, '') as parentTrueLegalName
						from rfa_master_agreement ma
						inner join rfa_amendment a on (ma.id = a.master_agreement_id and a.deleted = 0)
						inner join rfa_partyb_entities p on (p.amendment_id = a.id and p.deleted = 0)
						inner join mc_entities e on (e.entityid = p.entity_id and e.deleted = 0)
						left outer join v_rfa_partyb_details parent_values on parent_values.partyb_entity_id=e.parent_entity and parent_values.is_sleeve=0 and parent_values.AMENDMENT_ID=a.id 
						left outer join rfa_lu_amendment_status ast_bs on (ast_bs.id = a.bs_status_id and ast_bs.deleted = 0)
						left outer join rfa_lu_ack_status ackStatus ON (ackStatus.id = p.ack_status)
						left outer join rfa_masterlist m on (m.deleted = 0 and m.column_name = 'Party B Account True Legal Name' and m.master_agreement_id = p.master_agreement_id and m.entity_id = p.entity_id and m.master_agreement_id = :masterAgreementId)
						left outer join rfa_partyb_fund_name_change fnc on (p.ID = fnc.PARTYB_ID and fnc.deleted=0)
						left outer join rfa_partyb_exhibit_value_change evc on (p.ID = evc.PARTYB_ID and evc.deleted=0)	
						inner join @temp t on (t.id = p.id)
						where ma.deleted=0
						<if(masterAgreementId)>
							and ma.id = :masterAgreementId  
						<endif>
						<if(partyBEntityIds)>
								 and p.entity_id in 
								 (<partyBEntityIds: { partyBId | <partyBId> };separator=",">)
						<endif>	
						<if(evcCallingSource)>
							and p.EXHIBIT_VALUE_CHANGE_COMMENT is null
						<endif>									
					]]>
				</value>
			</property>
		</bean>				

</beans>
